field,dtype,per_step_shape,feature_dim,action_id,action_label,num_real_steps,mean_value,std_value,min_value,max_value,avg_l2_norm
action_seq,float32,"(246,)",246,0,NOOP,1139,0.07862766511773985,0.2691567487466595,0.0,1.0,3.8432994937844196
action_seq,float32,"(246,)",246,1,FIRE,13267,0.03389637838490392,0.18096246549296166,0.0,1.0,2.493302667079421
action_seq,float32,"(246,)",246,2,RIGHT,432,0.10952085215296598,0.3122915866568521,0.0,1.0,4.749056475007967
action_seq,float32,"(246,)",246,3,LEFT,1791,0.1144838919075958,0.3183980690916415,0.0,1.0,4.964399241777456
action_seq,float32,"(246,)",246,4,RIGHTFIRE,16109,0.0375452897865002,0.19009376897033717,0.0,1.0,2.5148260002188216
action_seq,float32,"(246,)",246,5,LEFTFIRE,11068,0.03164363094660943,0.17504945463246724,0.0,1.0,2.4977226081608026
cur_action,float32,"(6,)",6,0,NOOP,1139,0.16666666666666666,0.37267799624996495,0.0,1.0,1.0
cur_action,float32,"(6,)",6,1,FIRE,13267,0.16666666666666666,0.37267799624996495,0.0,1.0,1.0
cur_action,float32,"(6,)",6,2,RIGHT,432,0.16666666666666666,0.37267799624996495,0.0,1.0,1.0
cur_action,float32,"(6,)",6,3,LEFT,1791,0.16666666666666666,0.37267799624996495,0.0,1.0,1.0
cur_action,float32,"(6,)",6,4,RIGHTFIRE,16109,0.16666666666666666,0.37267799624996495,0.0,1.0,1.0
cur_action,float32,"(6,)",6,5,LEFTFIRE,11068,0.16666666666666666,0.37267799624996495,0.0,1.0,1.0
cur_d,float32,"(1,)",1,0,NOOP,1139,0.05267778753292362,0.22338943178574894,0.0,1.0,0.05267778753292362
cur_d,float32,"(1,)",1,1,FIRE,13267,0.007462124067234492,0.08606068075282516,0.0,1.0,0.007462124067234492
cur_d,float32,"(1,)",1,2,RIGHT,432,0.032407407407407406,0.17707955091578959,0.0,1.0,0.032407407407407406
cur_d,float32,"(1,)",1,3,LEFT,1791,0.04075935231714126,0.19773221162933574,0.0,1.0,0.04075935231714126
cur_d,float32,"(1,)",1,4,RIGHTFIRE,16109,0.006890558073126824,0.08272290059329213,0.0,1.0,0.006890558073126824
cur_d,float32,"(1,)",1,5,LEFTFIRE,11068,0.005240332490061439,0.07220021748897329,0.0,1.0,0.005240332490061439
cur_ns,float32,"(6,)",6,0,NOOP,1139,0.0028570383827493384,0.01767442600640372,0.0,0.4000000059604645,0.015249081729705403
cur_ns,float32,"(6,)",6,1,FIRE,13267,0.008143011557951909,0.040899067606834365,0.0,0.9750000238418579,0.04405395035618103
cur_ns,float32,"(6,)",6,2,RIGHT,432,0.0022280092802427617,0.016348328219245877,0.0,0.5249999761581421,0.011574774642227927
cur_ns,float32,"(6,)",6,3,LEFT,1791,0.0008491531887004856,0.008783891899076333,0.0,0.42500001192092896,0.004474959492465057
cur_ns,float32,"(6,)",6,4,RIGHTFIRE,16109,0.009053169110757557,0.04354981090285919,0.0,0.7749999761581421,0.049810600586419625
cur_ns,float32,"(6,)",6,5,LEFTFIRE,11068,0.014130827706866347,0.06279695530973768,0.0,1.100000023841858,0.078959258598797
cur_policy,float32,"(6,)",6,0,NOOP,1139,-0.8909845386415718,1.566550655112485,-18.8848876953125,4.089971542358398,3.8554654251231355
cur_policy,float32,"(6,)",6,1,FIRE,13267,-2.1842250802421908,2.932750259894155,-16.275480270385742,5.141806125640869,8.356715598225085
cur_policy,float32,"(6,)",6,2,RIGHT,432,-0.7163194882834634,1.3514604550715912,-7.459257125854492,3.2790567874908447,3.3864192225065644
cur_policy,float32,"(6,)",6,3,LEFT,1791,-0.9565345872093128,1.6223548574321105,-8.150193214416504,3.7629475593566895,4.102773609072003
cur_policy,float32,"(6,)",6,4,RIGHTFIRE,16109,-2.1452917921968155,2.9188323366502864,-14.878742218017578,5.589052200317383,8.227266475554615
cur_policy,float32,"(6,)",6,5,LEFTFIRE,11068,-2.703205402557257,32.900773120816154,-2654.4775390625,746.7122192382812,10.70629047484064
cur_qs_max,float32,"(6,)",6,0,NOOP,1139,0.1134240761800471,0.5805169227447822,0.0,7.864701271057129,0.578509338650099
cur_qs_max,float32,"(6,)",6,1,FIRE,13267,0.5435516087772435,1.6958448027447537,-0.023354265838861465,11.565914154052734,2.6871778823004244
cur_qs_max,float32,"(6,)",6,2,RIGHT,432,0.09602786917929296,0.5128576342528153,0.0,6.042275428771973,0.4643058566788496
cur_qs_max,float32,"(6,)",6,3,LEFT,1791,0.05521654415514792,0.46778815875430907,-0.04512733221054077,5.94439172744751,0.28287554431121326
cur_qs_max,float32,"(6,)",6,4,RIGHTFIRE,16109,0.6019762473223171,1.8540786965978655,-0.037000611424446106,13.2365083694458,3.045879413753704
cur_qs_max,float32,"(6,)",6,5,LEFTFIRE,11068,0.6351461379282456,1.8294677805096344,-0.01886216551065445,100.00001525878906,3.212933053137771
cur_qs_mean,float32,"(6,)",6,0,NOOP,1139,0.10290480015392205,0.5273621740321651,-0.03459082171320915,7.499768257141113,0.5242262264406982
cur_qs_mean,float32,"(6,)",6,1,FIRE,13267,0.5111330982557931,1.5974045273377886,-0.023354265838861465,10.978202819824219,2.524780847346201
cur_qs_mean,float32,"(6,)",6,2,RIGHT,432,0.08809194350500166,0.4680660280201289,0.0,5.54932165145874,0.4234128006625509
cur_qs_mean,float32,"(6,)",6,3,LEFT,1791,0.04684193542554056,0.4009471333610681,-0.04512733221054077,5.023805141448975,0.23839625584061908
cur_qs_mean,float32,"(6,)",6,4,RIGHTFIRE,16109,0.5590285103710335,1.7195782957474146,-0.037000611424446106,11.723525047302246,2.820062270666597
cur_qs_mean,float32,"(6,)",6,5,LEFTFIRE,11068,0.5686810476986309,1.600997100239382,-0.01886216551065445,68.6689224243164,2.8713214580374715
cur_r,float32,"(1,)",1,0,NOOP,1139,0.027795467051703774,0.10634448754814115,-0.057242501527071,1.0,0.03209370721602846
cur_r,float32,"(1,)",1,1,FIRE,13267,0.053910004679657085,0.1668959965130213,-0.17046025395393372,1.0,0.05811560857092571
cur_r,float32,"(1,)",1,2,RIGHT,432,0.022400257368914295,0.07783771382695873,-0.06579948961734772,1.0,0.029026124864011998
cur_r,float32,"(1,)",1,3,LEFT,1791,0.02017494053361466,0.060786798702128886,-0.044963788241147995,1.0,0.0229057560615436
cur_r,float32,"(1,)",1,4,RIGHTFIRE,16109,0.04724334368750568,0.15802154738114715,-0.07071800529956818,1.0,0.05003928137752746
cur_r,float32,"(1,)",1,5,LEFTFIRE,11068,0.04980292258655474,0.16332787908540294,-0.15391084551811218,1.0,0.053151847727777334
cur_reset,float32,"(1,)",1,0,NOOP,1139,0.266900790166813,0.44234009356505755,0.0,1.0,0.266900790166813
cur_reset,float32,"(1,)",1,1,FIRE,13267,0.39029170121353735,0.48781563031270353,0.0,1.0,0.39029170121353735
cur_reset,float32,"(1,)",1,2,RIGHT,432,0.18981481481481483,0.392154498752255,0.0,1.0,0.18981481481481483
cur_reset,float32,"(1,)",1,3,LEFT,1791,0.09659408151870463,0.2954042398718449,0.0,1.0,0.09659408151870463
cur_reset,float32,"(1,)",1,4,RIGHTFIRE,16109,0.4957477186665839,0.4999819177764947,0.0,1.0,0.4957477186665839
cur_reset,float32,"(1,)",1,5,LEFTFIRE,11068,0.24376581134803035,0.4293530488605698,0.0,1.0,0.24376581134803035
cur_v,float32,"(1,)",1,0,NOOP,1139,1.7968345046619034,1.2647783833858084,-0.012864962220191956,7.987224102020264,1.7968570945867852
cur_v,float32,"(1,)",1,1,FIRE,13267,4.581986559130375,2.024161771746085,-0.3358849883079529,11.29665470123291,4.582235252422343
cur_v,float32,"(1,)",1,2,RIGHT,432,1.7241601004454963,1.1386975239300452,0.0,6.240056991577148,1.7241601004454963
cur_v,float32,"(1,)",1,3,LEFT,1791,2.1829139659007555,1.6052466379712442,-0.3410792946815491,6.914763450622559,2.184322241273574
cur_v,float32,"(1,)",1,4,RIGHTFIRE,16109,4.674411445451976,2.1869250999067993,-0.3055143356323242,11.91075325012207,4.674880780696474
cur_v,float32,"(1,)",1,5,LEFTFIRE,11068,4.556771216266642,3.3355048285964624,-0.2832370400428772,100.0,4.556851176802341
deprec,float32,"(1,)",1,0,NOOP,1139,0.8438864987706594,0.14105300445061789,0.6757292747497559,0.9900000095367432,0.8438864987706594
deprec,float32,"(1,)",1,1,FIRE,13267,0.933933558779977,0.08997371690997173,0.6757292747497559,0.9900000095367432,0.933933558779977
deprec,float32,"(1,)",1,2,RIGHT,432,0.7821018057013,0.13896365111960654,0.6757292747497559,0.9900000095367432,0.7821018057013
deprec,float32,"(1,)",1,3,LEFT,1791,0.7709170477074794,0.12741435757556333,0.6757292747497559,0.9900000095367432,0.7709170477074794
deprec,float32,"(1,)",1,4,RIGHTFIRE,16109,0.9278824359346897,0.10806527810364581,0.6757292747497559,0.9900000095367432,0.9278824359346897
deprec,float32,"(1,)",1,5,LEFTFIRE,11068,0.9373709004914929,0.07345258847497904,0.6757292747497559,0.9900000095367432,0.9373709004914929
k,float32,"(40,)",40,0,NOOP,1139,0.025,0.15612494995995996,0.0,1.0,1.0
k,float32,"(40,)",40,1,FIRE,13267,0.025,0.15612494995995996,0.0,1.0,1.0
k,float32,"(40,)",40,2,RIGHT,432,0.025,0.15612494995995996,0.0,1.0,1.0
k,float32,"(40,)",40,3,LEFT,1791,0.025,0.15612494995995996,0.0,1.0,1.0
k,float32,"(40,)",40,4,RIGHTFIRE,16109,0.025,0.15612494995995996,0.0,1.0,1.0
k,float32,"(40,)",40,5,LEFTFIRE,11068,0.025,0.15612494995995996,0.0,1.0,1.0
max_rollout_return,float32,"(1,)",1,0,NOOP,1139,2.3504752426705044,1.4446448426635963,-0.03799714893102646,12.54024887084961,2.350590627813831
max_rollout_return,float32,"(1,)",1,1,FIRE,13267,5.319339816629808,2.232631201147777,-0.14627410471439362,24.758987426757812,5.319388769430687
max_rollout_return,float32,"(1,)",1,2,RIGHT,432,2.3577640000816986,1.1819380293485342,0.03957677632570267,6.375696659088135,2.3577640000816986
max_rollout_return,float32,"(1,)",1,3,LEFT,1791,2.521666911546617,1.70883690636238,-0.04402926564216614,9.440963745117188,2.521716078789099
max_rollout_return,float32,"(1,)",1,4,RIGHTFIRE,16109,5.6387022988922855,2.3895714743828127,-0.07646768540143967,13.698009490966797,5.6387224127766435
max_rollout_return,float32,"(1,)",1,5,LEFTFIRE,11068,5.29338580644331,3.1760596926427773,-0.10621512681245804,86.38672637939453,5.293404999635723
rollout_return,float32,"(1,)",1,0,NOOP,1139,1.9040539192910289,1.2823976584192338,-0.09740863740444183,8.796173095703125,1.9052372690712538
rollout_return,float32,"(1,)",1,1,FIRE,13267,4.712027984198596,2.111107776104486,-0.31227174401283264,14.88024616241455,4.712288355775522
rollout_return,float32,"(1,)",1,2,RIGHT,432,1.9247190964007233,1.0882829275895824,-0.06701620668172836,5.785215854644775,1.9255888728679296
rollout_return,float32,"(1,)",1,3,LEFT,1791,2.051700930105,1.565588083271729,-0.319197416305542,9.440963745117188,2.054339933786193
rollout_return,float32,"(1,)",1,4,RIGHTFIRE,16109,4.7919840446482596,2.1877110083851656,-0.2496177703142166,13.451262474060059,4.7923035227028805
rollout_return,float32,"(1,)",1,5,LEFTFIRE,11068,4.587917873383767,2.9393457306922226,-0.2074822187423706,86.32140350341797,4.588063371274793
root_action,float32,"(6,)",6,0,NOOP,1139,0.16666666666666666,0.37267799624996495,0.0,1.0,1.0
root_action,float32,"(6,)",6,1,FIRE,13267,0.16666666666666666,0.37267799624996495,0.0,1.0,1.0
root_action,float32,"(6,)",6,2,RIGHT,432,0.16666666666666666,0.37267799624996495,0.0,1.0,1.0
root_action,float32,"(6,)",6,3,LEFT,1791,0.16666666666666666,0.37267799624996495,0.0,1.0,1.0
root_action,float32,"(6,)",6,4,RIGHTFIRE,16109,0.16666666666666666,0.37267799624996495,0.0,1.0,1.0
root_action,float32,"(6,)",6,5,LEFTFIRE,11068,0.16666666666666666,0.37267799624996495,0.0,1.0,1.0
root_d,float32,"(1,)",1,0,NOOP,1139,0.0,0.0,0.0,0.0,0.0
root_d,float32,"(1,)",1,1,FIRE,13267,0.0,0.0,0.0,0.0,0.0
root_d,float32,"(1,)",1,2,RIGHT,432,0.0,0.0,0.0,0.0,0.0
root_d,float32,"(1,)",1,3,LEFT,1791,0.0,0.0,0.0,0.0,0.0
root_d,float32,"(1,)",1,4,RIGHTFIRE,16109,0.0,0.0,0.0,0.0,0.0
root_d,float32,"(1,)",1,5,LEFTFIRE,11068,0.0,0.0,0.0,0.0,0.0
root_ns,float32,"(6,)",6,0,NOOP,1139,0.021502780505091624,0.04942997672874129,0.0,0.8500000238418579,0.09425052818431064
root_ns,float32,"(6,)",6,1,FIRE,13267,0.04022574845005275,0.0886293367330524,0.0,1.399999976158142,0.1833315331237151
root_ns,float32,"(6,)",6,2,RIGHT,432,0.016888503319394118,0.041399983710012474,0.0,0.75,0.07490547108893024
root_ns,float32,"(6,)",6,3,LEFT,1791,0.011201842719917466,0.027407702363732526,0.0,0.4749999940395355,0.05149695463359032
root_ns,float32,"(6,)",6,4,RIGHTFIRE,16109,0.04689614537931134,0.09692137757736013,0.0,1.2000000476837158,0.20716589180118658
root_ns,float32,"(6,)",6,5,LEFTFIRE,11068,0.04019959967569618,0.10562006979638024,0.0,1.375,0.20968288346565364
root_policy,float32,"(6,)",6,0,NOOP,1139,-0.8753709879450752,1.5548424533491754,-10.24262809753418,3.5210518836975098,3.885752863803137
root_policy,float32,"(6,)",6,1,FIRE,13267,-2.232458463074038,2.9830030115060384,-13.651569366455078,4.73118782043457,8.525584990020029
root_policy,float32,"(6,)",6,2,RIGHT,432,-0.7508304437427863,1.4267574854711242,-7.391571044921875,3.1271791458129883,3.6716144906997368
root_policy,float32,"(6,)",6,3,LEFT,1791,-0.7830012323795534,1.5707590634595603,-8.766000747680664,3.515503406524658,3.903678173565591
root_policy,float32,"(6,)",6,4,RIGHTFIRE,16109,-2.2448599562374114,3.0982688576058646,-14.418479919433594,5.972944736480713,8.716673367951385
root_policy,float32,"(6,)",6,5,LEFTFIRE,11068,-2.1311238670801944,2.8729447918474773,-11.088371276855469,5.381102085113525,8.424185810365417
root_qs_max,float32,"(6,)",6,0,NOOP,1139,0.7617692139831268,1.313903370265463,-0.05200298875570297,12.54024887084961,3.087238794017667
root_qs_max,float32,"(6,)",6,1,FIRE,13267,2.1617802970377085,2.889280611258223,-0.14627408981323242,24.758987426757812,7.980460422645725
root_qs_max,float32,"(6,)",6,2,RIGHT,432,0.6908737210668968,1.2280475363780972,0.0,6.375696659088135,2.9328768478628575
root_qs_max,float32,"(6,)",6,3,LEFT,1791,0.6551778565004757,1.3853973676714937,-0.13293059170246124,9.440963745117188,2.994034447745251
root_qs_max,float32,"(6,)",6,4,RIGHTFIRE,16109,2.475377163331711,3.086915440268194,-0.22213463485240936,13.698004722595215,8.651945355005854
root_qs_max,float32,"(6,)",6,5,LEFTFIRE,11068,1.6113466073349967,2.729608559412298,-0.1827557384967804,86.38675689697266,6.888138058260778
root_qs_mean,float32,"(6,)",6,0,NOOP,1139,0.6661073340356234,1.152694291846176,-0.16750122606754303,8.83935832977295,2.6591644388283417
root_qs_mean,float32,"(6,)",6,1,FIRE,13267,2.0076135037734244,2.697888922515201,-0.23441381752490997,12.386934280395508,7.374421966907476
root_qs_mean,float32,"(6,)",6,2,RIGHT,432,0.6093819379027902,1.0936048412073847,-0.029691223055124283,5.879868984222412,2.5514768975693474
root_qs_mean,float32,"(6,)",6,3,LEFT,1791,0.5254961749317215,1.1513404973960366,-0.20170949399471283,7.302793979644775,2.3627342742805424
root_qs_mean,float32,"(6,)",6,4,RIGHTFIRE,16109,2.293773810047545,2.8765962045312157,-0.24089880287647247,11.782988548278809,7.963267527150279
root_qs_mean,float32,"(6,)",6,5,LEFTFIRE,11068,1.4229082217237274,2.2282355809557584,-0.19872255623340607,30.518573760986328,6.024284718256331
root_r,float32,"(1,)",1,0,NOOP,1139,0.03511852502194908,0.18407936935526428,0.0,1.0,0.03511852502194908
root_r,float32,"(1,)",1,1,FIRE,13267,0.056531242933594635,0.2309447152588202,0.0,1.0,0.056531242933594635
root_r,float32,"(1,)",1,2,RIGHT,432,0.020833333333333332,0.1428261375083551,0.0,1.0,0.020833333333333332
root_r,float32,"(1,)",1,3,LEFT,1791,0.01786711334450028,0.13246840983885577,0.0,1.0,0.01786711334450028
root_r,float32,"(1,)",1,4,RIGHTFIRE,16109,0.060090632565646535,0.23765468319287755,0.0,1.0,0.060090632565646535
root_r,float32,"(1,)",1,5,LEFTFIRE,11068,0.049241055294542826,0.21637091710306772,0.0,1.0,0.049241055294542826
root_trail_r,float32,"(1,)",1,0,NOOP,1139,0.3483257768002068,0.5563089694166812,-0.20746901631355286,6.430048942565918,0.35972653241366537
root_trail_r,float32,"(1,)",1,1,FIRE,13267,0.3815167120246504,0.8129190335524069,-0.20179922878742218,10.298155784606934,0.3901727868258027
root_trail_r,float32,"(1,)",1,2,RIGHT,432,0.5270598358624907,0.5507796199589635,-0.21107350289821625,4.388180732727051,0.5358325378112769
root_trail_r,float32,"(1,)",1,3,LEFT,1791,0.35899282642896924,0.6209719169472417,-0.3407518267631531,5.259527206420898,0.3858281479577928
root_trail_r,float32,"(1,)",1,4,RIGHTFIRE,16109,0.33397431279695444,0.707837330737903,-0.2922664284706116,9.201895713806152,0.3383234736112534
root_trail_r,float32,"(1,)",1,5,LEFTFIRE,11068,0.32731678367845213,0.8060887368027773,-0.33369529247283936,18.74848175048828,0.33580653544618144
root_v,float32,"(1,)",1,0,NOOP,1139,1.850584637972218,1.2066965911211753,-0.48374563455581665,8.890359878540039,1.8533597323091748
root_v,float32,"(1,)",1,1,FIRE,13267,4.686643911555512,2.0473746625856415,-0.3286905288696289,19.967466354370117,4.686961914232056
root_v,float32,"(1,)",1,2,RIGHT,432,1.8767961480965216,0.9988632068061453,-0.008209552615880966,5.8111066818237305,1.8768341552845582
root_v,float32,"(1,)",1,3,LEFT,1791,1.7407149879427213,1.3100705148369787,-0.2441524863243103,7.395359516143799,1.7418883030288783
root_v,float32,"(1,)",1,4,RIGHTFIRE,16109,4.820496872118444,2.146613235894534,-0.418224036693573,11.992599487304688,4.820929505949074
root_v,float32,"(1,)",1,5,LEFTFIRE,11068,4.437569666977327,1.5394459885801313,-0.3697693943977356,25.950376510620117,4.437802875762853
