subject,subject_label,session,block,game_id,game_name,episode_index,n_withholding_preceded,n_not_preceded,reward_withholding_preceded_mean,reward_not_preceded_mean,reward_difference,episode_label
sub-001,S1,1,2,0,Enduro,0,367,8116,0.3405994550408719,0.1397240019714145,0.20087545306945742,ses01-block02-ep00
sub-001,S1,1,2,0,Enduro,1,205,4610,0.3902439024390244,0.19587852494577007,0.19436537749325433,ses01-block02-ep01
sub-001,S1,1,5,0,Enduro,0,577,13534,0.3344887348353553,0.20526082458992168,0.12922791024543362,ses01-block05-ep00
sub-001,S1,2,1,0,Enduro,0,402,11985,0.36318407960199006,0.19040467250730078,0.17277940709468928,ses02-block01-ep00
sub-001,S1,2,3,0,Enduro,0,395,12382,0.3468354430379747,0.20667097399450815,0.14016446904346655,ses02-block03-ep00
sub-001,S1,2,6,0,Enduro,0,364,12557,0.31043956043956045,0.23445090387831488,0.07598865656124557,ses02-block06-ep00
sub-001,S1,3,1,0,Enduro,0,641,9198,0.27301092043681746,0.20569689062839747,0.06731402980842,ses03-block01-ep00
sub-001,S1,3,3,0,Enduro,0,651,9126,0.2903225806451613,0.21992110453648916,0.07040147610867215,ses03-block03-ep00
sub-001,S1,3,6,0,Enduro,0,517,10139,0.2765957446808511,0.21096755104053655,0.06562819364031452,ses03-block06-ep00
sub-001,S1,4,1,0,Enduro,0,557,11549,0.3213644524236984,0.22417525326868126,0.09718919915501711,ses04-block01-ep00
sub-001,S1,4,3,0,Enduro,0,304,11999,0.2598684210526316,0.23301941828485706,0.02684900276777452,ses04-block03-ep00
sub-001,S1,4,6,0,Enduro,0,368,11186,0.22826086956521738,0.21705703558018952,0.011203833985027861,ses04-block06-ep00
sub-001,S1,1,1,1,Pong,0,276,2143,-0.025362318840579712,-0.024731684554363042,-0.0006306342862166699,ses01-block01-ep00
sub-001,S1,1,4,1,Pong,0,244,1404,-0.028688524590163935,-0.06552706552706553,0.03683854093690159,ses01-block04-ep00
sub-001,S1,2,5,1,Pong,0,244,1200,-0.012295081967213115,-0.03166666666666667,0.019371584699453555,ses02-block05-ep00
sub-001,S1,2,7,1,Pong,0,195,798,-0.010256410256410256,-0.020050125313283207,0.00979371505687295,ses02-block07-ep00
sub-001,S1,2,9,1,Pong,0,177,781,-0.011299435028248588,-0.023047375160051217,0.01174794013180263,ses02-block09-ep00
sub-001,S1,3,5,1,Pong,0,174,515,-0.005747126436781609,-0.013592233009708738,0.007845106572927129,ses03-block05-ep00
sub-001,S1,3,7,1,Pong,0,164,553,-0.006097560975609756,-0.0108499095840868,0.004752348608477043,ses03-block07-ep00
sub-001,S1,3,9,1,Pong,0,200,571,0.005,0.0035026269702276708,0.0014973730297723293,ses03-block09-ep00
sub-001,S1,4,5,1,Pong,0,150,556,-0.02666666666666667,-0.0341726618705036,0.007505995203836931,ses04-block05-ep00
sub-001,S1,4,7,1,Pong,0,153,420,0.0,0.0,0.0,ses04-block07-ep00
sub-001,S1,4,9,1,Pong,0,175,505,-0.005714285714285714,-0.011881188118811881,0.006166902404526167,ses04-block09-ep00
sub-001,S1,1,3,2,SpaceInvaders,0,153,2659,2.712418300653595,1.7694622038360286,0.9429560968175663,ses01-block03-ep00
sub-001,S1,1,3,2,SpaceInvaders,1,125,2186,2.24,2.1477584629460202,0.09224153705397997,ses01-block03-ep01
sub-001,S1,1,3,2,SpaceInvaders,2,136,2836,1.5808823529411764,1.2464739069111423,0.33440844603003406,ses01-block03-ep02
sub-001,S1,1,3,2,SpaceInvaders,3,220,3844,3.4318181818181817,1.97840790842872,1.4534102733894616,ses01-block03-ep03
sub-001,S1,1,3,2,SpaceInvaders,4,170,2845,4.588235294117647,1.884007029876977,2.70422826424067,ses01-block03-ep04
sub-001,S1,1,3,2,SpaceInvaders,5,15,312,0.6666666666666666,0.1762820512820513,0.4903846153846153,ses01-block03-ep05
sub-001,S1,1,6,2,SpaceInvaders,0,156,2934,2.5,1.2304021813224266,1.2695978186775734,ses01-block06-ep00
sub-001,S1,1,6,2,SpaceInvaders,1,167,2854,3.8323353293413174,1.9533987386124738,1.8789365907288436,ses01-block06-ep01
sub-001,S1,1,6,2,SpaceInvaders,2,131,2752,5.801526717557252,3.359375,2.442151717557252,ses01-block06-ep02
sub-001,S1,1,6,2,SpaceInvaders,3,293,5256,2.508532423208191,1.5743911719939117,0.9341412512142793,ses01-block06-ep03
sub-001,S1,1,6,2,SpaceInvaders,4,60,933,2.0,0.819935691318328,1.180064308681672,ses01-block06-ep04
sub-001,S1,2,2,2,SpaceInvaders,0,166,2962,4.036144578313253,2.326130992572586,1.7100135857406666,ses02-block02-ep00
sub-001,S1,2,2,2,SpaceInvaders,1,150,2665,2.5,1.5797373358348967,0.9202626641651033,ses02-block02-ep01
sub-001,S1,2,2,2,SpaceInvaders,2,190,2829,2.736842105263158,1.6171792152704136,1.1196628899927443,ses02-block02-ep02
sub-001,S1,2,2,2,SpaceInvaders,3,209,2645,2.6794258373205744,1.718336483931947,0.9610893533886273,ses02-block02-ep03
sub-001,S1,2,2,2,SpaceInvaders,4,207,2518,3.1159420289855073,1.6938046068308181,1.4221374221546892,ses02-block02-ep04
sub-001,S1,2,2,2,SpaceInvaders,5,61,968,3.0327868852459017,1.4462809917355373,1.5865058935103644,ses02-block02-ep05
sub-001,S1,2,4,2,SpaceInvaders,0,177,2629,4.378531073446328,2.0483073411943704,2.3302237322519574,ses02-block04-ep00
sub-001,S1,2,4,2,SpaceInvaders,1,217,2986,2.695852534562212,1.3898191560616209,1.3060333785005913,ses02-block04-ep01
sub-001,S1,2,4,2,SpaceInvaders,2,177,2328,3.07909604519774,2.547250859106529,0.531845186091211,ses02-block04-ep02
sub-001,S1,2,4,2,SpaceInvaders,3,173,2355,3.005780346820809,2.2208067940552016,0.7849735527656074,ses02-block04-ep03
sub-001,S1,2,4,2,SpaceInvaders,4,199,2445,3.4673366834170856,2.1022494887525562,1.3650871946645293,ses02-block04-ep04
sub-001,S1,2,4,2,SpaceInvaders,5,169,2194,2.9289940828402368,3.215587967183227,-0.28659388434299027,ses02-block04-ep05
sub-001,S1,2,8,2,SpaceInvaders,0,349,4700,4.541547277936963,2.8414893617021275,1.7000579162348353,ses02-block08-ep00
sub-001,S1,2,8,2,SpaceInvaders,1,329,4031,3.8297872340425534,2.4683701314810222,1.3614171025615311,ses02-block08-ep01
sub-001,S1,2,8,2,SpaceInvaders,2,207,2695,3.6473429951690823,2.315398886827458,1.3319441083416241,ses02-block08-ep02
sub-001,S1,2,8,2,SpaceInvaders,3,165,1841,3.1515151515151514,2.3302552960347636,0.8212598554803878,ses02-block08-ep03
sub-001,S1,2,8,2,SpaceInvaders,4,102,1269,2.696078431372549,1.8479117415287627,0.8481666898437865,ses02-block08-ep04
sub-001,S1,3,2,2,SpaceInvaders,0,542,7649,3.837638376383764,2.2819976467512095,1.5556407296325543,ses03-block02-ep00
sub-001,S1,3,2,2,SpaceInvaders,1,498,6590,3.8855421686746987,2.688163884673748,1.1973782840009508,ses03-block02-ep01
sub-001,S1,3,2,2,SpaceInvaders,2,34,380,2.3529411764705883,1.1842105263157894,1.168730650154799,ses03-block02-ep02
sub-001,S1,3,4,2,SpaceInvaders,0,202,2493,4.5049504950495045,2.8620136381869234,1.642936856862581,ses03-block04-ep00
sub-001,S1,3,4,2,SpaceInvaders,1,319,4582,3.605015673981191,2.34941073766914,1.255604936312051,ses03-block04-ep01
sub-001,S1,3,4,2,SpaceInvaders,2,523,6863,4.120458891013384,3.2478507941133614,0.8726080969000227,ses03-block04-ep02
sub-001,S1,3,8,2,SpaceInvaders,0,371,4976,3.274932614555256,3.054662379421222,0.2202702351340342,ses03-block08-ep00
sub-001,S1,3,8,2,SpaceInvaders,1,188,2489,2.978723404255319,2.065086380072318,0.913637024183001,ses03-block08-ep01
sub-001,S1,3,8,2,SpaceInvaders,2,354,4385,3.036723163841808,2.0410490307867732,0.9956741330550347,ses03-block08-ep02
sub-001,S1,3,8,2,SpaceInvaders,3,159,1801,6.572327044025157,3.6979455857856744,2.874381458239483,ses03-block08-ep03
sub-001,S1,4,2,2,SpaceInvaders,0,174,2281,2.6149425287356323,1.6659359929855326,0.9490065357500996,ses04-block02-ep00
sub-001,S1,4,2,2,SpaceInvaders,1,169,2509,2.3076923076923075,1.8533280191311279,0.4543642885611796,ses04-block02-ep01
sub-001,S1,4,2,2,SpaceInvaders,2,480,6516,3.9479166666666665,2.4271025168815226,1.520814149785144,ses04-block02-ep02
sub-001,S1,4,2,2,SpaceInvaders,3,323,3431,3.3591331269349847,2.4672107257359372,0.8919224011990474,ses04-block02-ep03
sub-001,S1,4,4,2,SpaceInvaders,0,210,2200,3.2857142857142856,1.7886363636363636,1.497077922077922,ses04-block04-ep00
sub-001,S1,4,4,2,SpaceInvaders,1,605,7257,3.6611570247933884,2.83519360617335,0.8259634186200384,ses04-block04-ep01
sub-001,S1,4,4,2,SpaceInvaders,2,323,3587,2.8947368421052633,2.509060496236409,0.38567634586885413,ses04-block04-ep02
sub-001,S1,4,8,2,SpaceInvaders,0,224,2876,3.4151785714285716,3.131084840055633,0.2840937313729386,ses04-block08-ep00
sub-001,S1,4,8,2,SpaceInvaders,1,176,2163,3.6931818181818183,3.5067036523347204,0.18647816584709798,ses04-block08-ep01
sub-001,S1,4,8,2,SpaceInvaders,2,165,2020,2.6363636363636362,2.472772277227723,0.16359135913591327,ses04-block08-ep02
sub-001,S1,4,8,2,SpaceInvaders,3,518,6041,3.1853281853281854,3.013573911604039,0.17175427372414642,ses04-block08-ep03
sub-001,S1,4,8,2,SpaceInvaders,4,57,554,2.192982456140351,2.1389891696750905,0.05399328646526058,ses04-block08-ep04
sub-002,S2,1,1,0,Enduro,0,531,5620,0.2768361581920904,0.1887900355871886,0.0880461226049018,ses01-block01-ep00
sub-002,S2,1,3,0,Enduro,0,472,5653,0.3093220338983051,0.16539890323721917,0.14392313066108592,ses01-block03-ep00
sub-002,S2,2,1,0,Enduro,0,421,6413,0.27078384798099764,0.1436145329798846,0.12716931500111303,ses02-block01-ep00
sub-002,S2,2,4,0,Enduro,0,348,7065,0.2614942528735632,0.1307855626326964,0.13070869024086681,ses02-block04-ep00
sub-002,S2,2,4,0,Enduro,1,12,376,0.3333333333333333,0.23138297872340424,0.10195035460992907,ses02-block04-ep01
sub-002,S2,2,8,0,Enduro,0,485,5792,0.3030927835051546,0.20752762430939226,0.09556515919576236,ses02-block08-ep00
sub-002,S2,3,3,0,Enduro,0,359,8067,0.3426183844011142,0.14404363456055536,0.19857474984055884,ses03-block03-ep00
sub-002,S2,3,5,0,Enduro,0,431,6209,0.27610208816705334,0.16814301819938798,0.10795906996766536,ses03-block05-ep00
sub-002,S2,3,9,0,Enduro,0,399,7196,0.2982456140350877,0.15967204002223456,0.13857357401285314,ses03-block09-ep00
sub-002,S2,4,3,0,Enduro,0,416,7278,0.2860576923076923,0.17518549051937346,0.11087220178831883,ses04-block03-ep00
sub-002,S2,4,5,0,Enduro,0,444,7194,0.3130630630630631,0.15207117041979426,0.16099189264326882,ses04-block05-ep00
sub-002,S2,4,9,0,Enduro,0,436,5286,0.3394495412844037,0.1835035944003027,0.155945946884101,ses04-block09-ep00
sub-002,S2,1,4,1,Pong,0,168,664,-0.017857142857142856,-0.043674698795180725,0.02581755593803787,ses01-block04-ep00
sub-002,S2,1,6,1,Pong,0,135,688,-0.02962962962962963,-0.0436046511627907,0.013975021533161068,ses01-block06-ep00
sub-002,S2,2,3,1,Pong,0,172,773,-0.011627906976744186,-0.055627425614489,0.04399951863774482,ses02-block03-ep00
sub-002,S2,2,5,1,Pong,0,174,822,-0.011494252873563218,-0.037712895377128956,0.026218642503565738,ses02-block05-ep00
sub-002,S2,2,7,1,Pong,0,149,820,-0.006711409395973154,-0.03048780487804878,0.023776395482075625,ses02-block07-ep00
sub-002,S2,3,2,1,Pong,0,207,1048,-0.004830917874396135,-0.026717557251908396,0.02188663937751226,ses03-block02-ep00
sub-002,S2,3,6,1,Pong,0,146,702,-0.0410958904109589,-0.04843304843304843,0.007337158022089528,ses03-block06-ep00
sub-002,S2,3,8,1,Pong,0,158,758,-0.012658227848101266,-0.026385224274406333,0.013726996426305068,ses03-block08-ep00
sub-002,S2,4,2,1,Pong,0,156,567,-0.019230769230769232,-0.047619047619047616,0.028388278388278385,ses04-block02-ep00
sub-002,S2,4,6,1,Pong,0,163,615,-0.006134969325153374,-0.024390243902439025,0.01825527457728565,ses04-block06-ep00
sub-002,S2,4,8,1,Pong,0,172,937,-0.005813953488372093,-0.02454642475987193,0.018732471271499837,ses04-block08-ep00
sub-002,S2,1,2,2,SpaceInvaders,0,133,1834,2.3684210526315788,2.104689203925845,0.26373184870573363,ses01-block02-ep00
sub-002,S2,1,2,2,SpaceInvaders,1,150,1673,2.7333333333333334,2.624028690974298,0.10930464235903559,ses01-block02-ep01
sub-002,S2,1,2,2,SpaceInvaders,2,177,2248,2.5141242937853105,1.777135231316726,0.7369890624685846,ses01-block02-ep02
sub-002,S2,1,2,2,SpaceInvaders,3,149,1762,2.9194630872483223,2.185017026106697,0.7344460611416253,ses01-block02-ep03
sub-002,S2,1,2,2,SpaceInvaders,4,143,1724,2.3076923076923075,2.273781902552204,0.03391040514010335,ses01-block02-ep04
sub-002,S2,1,2,2,SpaceInvaders,5,69,869,1.7391304347826086,1.7951668584579976,-0.05603642367538897,ses01-block02-ep05
sub-002,S2,1,2,2,SpaceInvaders,6,60,525,1.5833333333333333,2.019047619047619,-0.4357142857142857,ses01-block02-ep06
sub-002,S2,1,5,2,SpaceInvaders,0,232,2439,2.6077586206896552,2.3513735137351373,0.256385106954518,ses01-block05-ep00
sub-002,S2,1,5,2,SpaceInvaders,1,161,2074,2.857142857142857,2.0009643201542913,0.8561785369885659,ses01-block05-ep01
sub-002,S2,1,5,2,SpaceInvaders,2,137,1837,3.1751824817518246,2.395209580838323,0.7799729009135015,ses01-block05-ep02
sub-002,S2,1,5,2,SpaceInvaders,3,132,4604,1.628787878787879,2.9691572545612512,-1.3403693757733723,ses01-block05-ep03
sub-002,S2,1,5,2,SpaceInvaders,4,24,1431,0.0,2.1174004192872116,-2.1174004192872116,ses01-block05-ep04
sub-002,S2,2,2,2,SpaceInvaders,0,168,1580,2.9166666666666665,2.607594936708861,0.30907172995780563,ses02-block02-ep00
sub-002,S2,2,2,2,SpaceInvaders,1,147,1687,3.639455782312925,2.4955542382928275,1.1439015440200975,ses02-block02-ep01
sub-002,S2,2,2,2,SpaceInvaders,2,156,2013,2.7243589743589745,2.503725782414307,0.22063319194466757,ses02-block02-ep02
sub-002,S2,2,2,2,SpaceInvaders,3,276,3091,3.568840579710145,2.8065351019087674,0.7623054778013776,ses02-block02-ep03
sub-002,S2,2,2,2,SpaceInvaders,4,47,346,2.021276595744681,1.3728323699421965,0.6484442258024845,ses02-block02-ep04
sub-002,S2,2,2,2,SpaceInvaders,5,160,1758,2.28125,2.5398179749715584,-0.25856797497155837,ses02-block02-ep05
sub-002,S2,2,2,2,SpaceInvaders,6,48,456,2.9166666666666665,2.4890350877192984,0.42763157894736814,ses02-block02-ep06
sub-002,S2,2,6,2,SpaceInvaders,0,322,2723,2.81055900621118,2.702901211898641,0.10765779431253897,ses02-block06-ep00
sub-002,S2,2,6,2,SpaceInvaders,1,148,1620,3.0067567567567566,2.3425925925925926,0.664164164164164,ses02-block06-ep01
sub-002,S2,2,6,2,SpaceInvaders,2,297,2963,3.3164983164983166,2.2072224097198787,1.109275906778438,ses02-block06-ep02
sub-002,S2,2,6,2,SpaceInvaders,3,156,1935,2.7564102564102564,2.1808785529715764,0.57553170343868,ses02-block06-ep03
sub-002,S2,2,6,2,SpaceInvaders,4,15,153,3.0,2.0915032679738563,0.9084967320261437,ses02-block06-ep04
sub-002,S2,2,9,2,SpaceInvaders,0,84,766,2.5,1.8015665796344646,0.6984334203655354,ses02-block09-ep00
sub-002,S2,2,9,2,SpaceInvaders,1,151,1522,3.2781456953642385,2.5032851511169514,0.7748605442472871,ses02-block09-ep01
sub-002,S2,2,9,2,SpaceInvaders,2,176,1717,3.721590909090909,3.992428654630169,-0.2708377455392599,ses02-block09-ep02
sub-002,S2,2,9,2,SpaceInvaders,3,129,1489,3.10077519379845,2.2196104768300873,0.8811647169683625,ses02-block09-ep03
sub-002,S2,2,9,2,SpaceInvaders,4,407,4642,3.574938574938575,2.6023265833692375,0.9726119915693374,ses02-block09-ep04
sub-002,S2,3,1,2,SpaceInvaders,0,162,1813,3.240740740740741,1.594043022614451,1.6466977181262898,ses03-block01-ep00
sub-002,S2,3,1,2,SpaceInvaders,1,134,1596,4.664179104477612,3.0169172932330826,1.6472618112445296,ses03-block01-ep01
sub-002,S2,3,1,2,SpaceInvaders,2,280,3458,2.8392857142857144,2.456622325043378,0.38266338924233656,ses03-block01-ep02
sub-002,S2,3,1,2,SpaceInvaders,3,313,3462,3.29073482428115,2.8004043905257077,0.4903304337554424,ses03-block01-ep03
sub-002,S2,3,1,2,SpaceInvaders,4,68,599,3.161764705882353,2.9048414023372287,0.25692330354512416,ses03-block01-ep04
sub-002,S2,3,4,2,SpaceInvaders,0,93,818,3.064516129032258,2.371638141809291,0.6928779872229671,ses03-block04-ep00
sub-002,S2,3,4,2,SpaceInvaders,1,247,2558,3.076923076923077,2.7345582486317435,0.34236482829133363,ses03-block04-ep01
sub-002,S2,3,4,2,SpaceInvaders,2,374,4164,3.5427807486631018,3.101585014409222,0.4411957342538799,ses03-block04-ep02
sub-002,S2,3,4,2,SpaceInvaders,3,238,2633,3.3403361344537816,2.5750094948727686,0.765326639581013,ses03-block04-ep03
sub-002,S2,3,7,2,SpaceInvaders,0,463,5655,3.5961123110151187,2.8603006189213085,0.7358116920938103,ses03-block07-ep00
sub-002,S2,3,7,2,SpaceInvaders,1,253,3292,2.5296442687747036,2.235722964763062,0.29392130401164174,ses03-block07-ep01
sub-002,S2,3,7,2,SpaceInvaders,2,90,841,2.4444444444444446,1.9678953626634959,0.4765490817809488,ses03-block07-ep02
sub-002,S2,4,1,2,SpaceInvaders,0,109,1000,2.4311926605504586,2.155,0.27619266055045877,ses04-block01-ep00
sub-002,S2,4,1,2,SpaceInvaders,1,101,1147,3.613861386138614,1.883173496076722,1.730687890061892,ses04-block01-ep01
sub-002,S2,4,1,2,SpaceInvaders,2,430,4536,3.058139534883721,3.0930335097001764,-0.0348939748164554,ses04-block01-ep02
sub-002,S2,4,1,2,SpaceInvaders,3,94,1013,2.3404255319148937,1.4955577492596248,0.8448677826552689,ses04-block01-ep03
sub-002,S2,4,1,2,SpaceInvaders,4,136,1540,2.463235294117647,1.8766233766233766,0.5866119174942706,ses04-block01-ep04
sub-002,S2,4,1,2,SpaceInvaders,5,20,161,3.5,2.453416149068323,1.0465838509316772,ses04-block01-ep05
sub-002,S2,4,4,2,SpaceInvaders,0,377,4248,2.7586206896551726,2.2693032015065913,0.48931748814858134,ses04-block04-ep00
sub-002,S2,4,4,2,SpaceInvaders,1,127,1764,3.188976377952756,1.7431972789115646,1.4457790990411914,ses04-block04-ep01
sub-002,S2,4,4,2,SpaceInvaders,2,134,1751,3.5074626865671643,2.5328383780696746,0.9746243084974897,ses04-block04-ep02
sub-002,S2,4,4,2,SpaceInvaders,3,230,2380,3.260869565217391,3.138655462184874,0.12221410303251723,ses04-block04-ep03
sub-002,S2,4,7,2,SpaceInvaders,0,406,4378,3.8177339901477834,3.1498401096391047,0.6678938805086787,ses04-block07-ep00
sub-002,S2,4,7,2,SpaceInvaders,1,131,1605,3.8931297709923665,2.2710280373831777,1.6221017336091887,ses04-block07-ep01
sub-002,S2,4,7,2,SpaceInvaders,2,281,2940,2.9181494661921707,2.425170068027211,0.4929793981649597,ses04-block07-ep02
sub-003,S3,1,2,0,Enduro,0,124,11313,0.27419354838709675,0.19897463095553788,0.07521891743155887,ses01-block02-ep00
sub-003,S3,1,4,0,Enduro,0,60,12873,0.25,0.22434552940262564,0.025654470597374357,ses01-block04-ep00
sub-003,S3,2,1,0,Enduro,0,127,12189,0.4330708661417323,0.1920584133234884,0.2410124528182439,ses02-block01-ep00
sub-003,S3,2,3,0,Enduro,0,152,12429,0.34210526315789475,0.1990506074503178,0.14305465570757694,ses02-block03-ep00
sub-003,S3,2,6,0,Enduro,0,112,11257,0.15178571428571427,0.22306120636048682,-0.07127549207477255,ses02-block06-ep00
sub-003,S3,3,3,0,Enduro,0,175,10346,0.3142857142857143,0.18876860622462788,0.1255171080610864,ses03-block03-ep00
sub-003,S3,3,5,0,Enduro,0,129,11089,0.3488372093023256,0.1802687347822166,0.16856847452010898,ses03-block05-ep00
sub-003,S3,3,9,0,Enduro,0,107,10912,0.35514018691588783,0.19666422287390029,0.15847596404198755,ses03-block09-ep00
sub-003,S3,4,1,0,Enduro,0,175,9954,0.3485714285714286,0.16827406067912398,0.1802973678923046,ses04-block01-ep00
sub-003,S3,4,4,0,Enduro,0,124,10206,0.2903225806451613,0.19106407995296884,0.09925850069219247,ses04-block04-ep00
sub-003,S3,4,8,0,Enduro,0,237,6966,0.3206751054852321,0.10881424059718633,0.21186086488804576,ses04-block08-ep00
sub-003,S3,1,3,1,Pong,0,243,1922,-0.024691358024691357,-0.07440166493236212,0.04971030690767077,ses01-block03-ep00
sub-003,S3,1,6,1,Pong,0,185,2941,-0.016216216216216217,-0.01972118327099626,0.003504967054780043,ses01-block06-ep00
sub-003,S3,2,5,1,Pong,0,175,1528,-0.005714285714285714,-0.04908376963350786,0.04336948391922214,ses02-block05-ep00
sub-003,S3,2,7,1,Pong,0,165,1135,-0.048484848484848485,-0.09251101321585903,0.04402616473101054,ses02-block07-ep00
sub-003,S3,2,9,1,Pong,0,39,295,-0.05128205128205128,-0.06440677966101695,0.013124728378965667,ses02-block09-ep00
sub-003,S3,3,2,1,Pong,0,130,1058,-0.03076923076923077,-0.05860113421550094,0.02783190344627017,ses03-block02-ep00
sub-003,S3,3,6,1,Pong,0,161,1426,-0.049689440993788817,-0.08134642356241234,0.03165698256862352,ses03-block06-ep00
sub-003,S3,3,8,1,Pong,0,133,1434,-0.06015037593984962,-0.05788005578800558,-0.0022703201518440436,ses03-block08-ep00
sub-003,S3,4,3,1,Pong,0,109,798,-0.045871559633027525,-0.06140350877192982,0.015531949138902296,ses04-block03-ep00
sub-003,S3,4,5,1,Pong,0,91,677,-0.054945054945054944,-0.07976366322008863,0.024818608275033682,ses04-block05-ep00
sub-003,S3,4,7,1,Pong,0,126,1150,-0.023809523809523808,-0.036521739130434785,0.012712215320910977,ses04-block07-ep00
sub-003,S3,1,1,2,SpaceInvaders,0,182,3218,2.087912087912088,1.5040397762585458,0.5838723116535423,ses01-block01-ep00
sub-003,S3,1,1,2,SpaceInvaders,1,274,2726,2.9197080291970803,1.5553925165077036,1.3643155126893767,ses01-block01-ep01
sub-003,S3,1,1,2,SpaceInvaders,2,218,2437,2.68348623853211,2.741075092326631,-0.05758885379452128,ses01-block01-ep02
sub-003,S3,1,1,2,SpaceInvaders,3,135,2638,3.037037037037037,2.2119029567854436,0.8251340802515936,ses01-block01-ep03
sub-003,S3,1,1,2,SpaceInvaders,4,109,923,2.6605504587155964,1.85807150595883,0.8024789527567664,ses01-block01-ep04
sub-003,S3,1,5,2,SpaceInvaders,0,308,5181,4.935064935064935,3.426944605288554,1.5081203297763812,ses01-block05-ep00
sub-003,S3,1,5,2,SpaceInvaders,1,210,2305,3.3333333333333335,1.6550976138828633,1.6782357194504702,ses01-block05-ep01
sub-003,S3,1,5,2,SpaceInvaders,2,274,3095,2.3175182481751824,2.691437802907916,-0.3739195547327334,ses01-block05-ep02
sub-003,S3,2,2,2,SpaceInvaders,0,208,1739,2.331730769230769,2.550316273720529,-0.21858550448975977,ses02-block02-ep00
sub-003,S3,2,2,2,SpaceInvaders,1,195,1775,3.1025641025641026,1.9014084507042253,1.2011556518598774,ses02-block02-ep01
sub-003,S3,2,2,2,SpaceInvaders,2,338,3620,2.8550295857988166,2.1726519337016574,0.6823776520971592,ses02-block02-ep02
sub-003,S3,2,2,2,SpaceInvaders,3,184,2213,3.152173913043478,2.1464075915047447,1.0057663215387334,ses02-block02-ep03
sub-003,S3,2,4,2,SpaceInvaders,0,391,7201,2.9411764705882355,2.593389806971254,0.3477866636169815,ses02-block04-ep00
sub-003,S3,2,4,2,SpaceInvaders,1,255,4899,3.2745098039215685,2.852622984282507,0.4218868196390617,ses02-block04-ep01
sub-003,S3,2,4,2,SpaceInvaders,2,23,860,3.9130434782608696,1.2732558139534884,2.639787664307381,ses02-block04-ep02
sub-003,S3,2,8,2,SpaceInvaders,0,136,6143,1.1029411764705883,2.537847957024255,-1.4349067805536668,ses02-block08-ep00
sub-003,S3,2,8,2,SpaceInvaders,1,387,7446,3.359173126614987,3.560972334139135,-0.20179920752414793,ses02-block08-ep01
sub-003,S3,3,1,2,SpaceInvaders,0,683,8376,3.4480234260614933,2.3346466093600764,1.1133768167014169,ses03-block01-ep00
sub-003,S3,3,1,2,SpaceInvaders,1,110,1380,3.0454545454545454,2.86231884057971,0.18313570487483544,ses03-block01-ep01
sub-003,S3,3,4,2,SpaceInvaders,0,174,2781,2.0402298850574714,1.6073354908306365,0.43289439422683484,ses03-block04-ep00
sub-003,S3,3,4,2,SpaceInvaders,1,482,6591,2.9771784232365146,2.991200121377636,-0.01402169814112142,ses03-block04-ep01
sub-003,S3,3,4,2,SpaceInvaders,2,167,2250,3.413173652694611,2.1577777777777776,1.2553958749168332,ses03-block04-ep02
sub-003,S3,3,7,2,SpaceInvaders,0,206,2638,3.8106796116504853,2.4317664897649736,1.3789131218855117,ses03-block07-ep00
sub-003,S3,3,7,2,SpaceInvaders,1,513,6627,3.3625730994152048,2.540365172778029,0.8222079266371756,ses03-block07-ep01
sub-003,S3,3,7,2,SpaceInvaders,2,109,898,2.2477064220183487,5.37305122494432,-3.1253448029259716,ses03-block07-ep02
sub-003,S3,4,2,2,SpaceInvaders,0,508,6412,3.4153543307086616,2.7339363693075485,0.6814179614011131,ses04-block02-ep00
sub-003,S3,4,2,2,SpaceInvaders,1,373,4068,4.329758713136729,3.606194690265487,0.7235640228712423,ses04-block02-ep01
sub-003,S3,4,6,2,SpaceInvaders,0,631,8570,3.1299524564183834,3.23512252042007,-0.10517006400168682,ses04-block06-ep00
sub-003,S3,4,6,2,SpaceInvaders,1,146,1532,2.4315068493150687,2.6631853785900783,-0.23167852927500965,ses04-block06-ep01
sub-003,S3,4,9,2,SpaceInvaders,0,231,2704,3.0303030303030303,2.3816568047337277,0.6486462255693026,ses04-block09-ep00
sub-003,S3,4,9,2,SpaceInvaders,1,534,7805,3.1273408239700373,3.1050608584240873,0.02227996554595002,ses04-block09-ep01
sub-003,S3,4,9,2,SpaceInvaders,2,34,177,2.9411764705882355,1.5819209039548023,1.3592555666334332,ses04-block09-ep02
sub-004,S4,1,2,0,Enduro,0,33,13187,0.3939393939393939,0.22598013194813074,0.16795926199126318,ses01-block02-ep00
sub-004,S4,1,5,0,Enduro,0,38,13095,0.02631578947368421,0.2290950744558992,-0.20277928498221498,ses01-block05-ep00
sub-004,S4,2,1,0,Enduro,0,33,13192,0.36363636363636365,0.22453001819284416,0.1391063454435195,ses02-block01-ep00
sub-004,S4,2,3,0,Enduro,0,25,13190,-0.08,0.23275208491281274,-0.31275208491281276,ses02-block03-ep00
sub-004,S4,2,6,0,Enduro,0,44,12987,0.045454545454545456,0.22853622853622854,-0.1830816830816831,ses02-block06-ep00
sub-004,S4,3,3,0,Enduro,0,52,12475,-0.07692307692307693,0.2545891783567134,-0.33151225527979034,ses03-block03-ep00
sub-004,S4,3,5,0,Enduro,0,53,12957,-0.1509433962264151,0.20622057575055955,-0.35716397197697464,ses03-block05-ep00
sub-004,S4,3,5,0,Enduro,1,0,35,,0.0,,ses03-block05-ep01
sub-004,S4,3,9,0,Enduro,0,57,12942,0.03508771929824561,0.23203523412146498,-0.19694751482321937,ses03-block09-ep00
sub-004,S4,4,3,0,Enduro,0,84,12482,0.05952380952380952,0.2455535971799391,-0.1860297876561296,ses04-block03-ep00
sub-004,S4,4,5,0,Enduro,0,87,12760,0.10344827586206896,0.23393416927899688,-0.1304858934169279,ses04-block05-ep00
sub-004,S4,4,9,0,Enduro,0,106,12897,0.2358490566037736,0.22842521516631775,0.007423841437455836,ses04-block09-ep00
sub-004,S4,1,1,1,Pong,0,332,3134,-0.015060240963855422,-0.023931078493937462,0.00887083753008204,ses01-block01-ep00
sub-004,S4,1,3,1,Pong,0,374,3248,-0.013368983957219251,-0.0166256157635468,0.0032566318063275475,ses01-block03-ep00
sub-004,S4,2,5,1,Pong,0,304,3844,0.0,-0.00858480749219563,0.00858480749219563,ses02-block05-ep00
sub-004,S4,2,7,1,Pong,0,324,2554,-0.012345679012345678,-0.021143304620203602,0.008797625607857924,ses02-block07-ep00
sub-004,S4,2,9,1,Pong,0,335,2770,-0.005970149253731343,-0.01444043321299639,0.008470283959265048,ses02-block09-ep00
sub-004,S4,3,2,1,Pong,0,308,1866,-0.02922077922077922,-0.024115755627009645,-0.005105023593769575,ses03-block02-ep00
sub-004,S4,3,6,1,Pong,0,232,1498,-0.034482758620689655,-0.03471295060080107,0.00023019198011141329,ses03-block06-ep00
sub-004,S4,3,8,1,Pong,0,226,1203,-0.01327433628318584,-0.014962593516209476,0.0016882572330236354,ses03-block08-ep00
sub-004,S4,4,2,1,Pong,0,307,1615,-0.006514657980456026,-0.021052631578947368,0.014537973598491342,ses04-block02-ep00
sub-004,S4,4,6,1,Pong,0,226,1015,-0.04424778761061947,-0.059113300492610835,0.014865512881991366,ses04-block06-ep00
sub-004,S4,4,8,1,Pong,0,230,875,-0.013043478260869565,-0.016,0.002956521739130436,ses04-block08-ep00
sub-004,S4,1,4,2,SpaceInvaders,0,258,2610,2.248062015503876,1.9789272030651341,0.2691348124387418,ses01-block04-ep00
sub-004,S4,1,4,2,SpaceInvaders,1,173,1871,4.393063583815029,2.252805986103688,2.140257597711341,ses01-block04-ep01
sub-004,S4,1,4,2,SpaceInvaders,2,628,5943,2.412420382165605,2.772168938246677,-0.35974855608107204,ses01-block04-ep02
sub-004,S4,1,6,2,SpaceInvaders,0,722,6092,2.8185595567867034,2.360472751149048,0.45808680563765547,ses01-block06-ep00
sub-004,S4,1,6,2,SpaceInvaders,1,501,4481,2.7345309381237524,3.496987279625084,-0.7624563415013315,ses01-block06-ep01
sub-004,S4,2,2,2,SpaceInvaders,0,246,2252,5.203252032520325,2.9573712255772646,2.2458808069430605,ses02-block02-ep00
sub-004,S4,2,2,2,SpaceInvaders,1,390,3061,3.4615384615384617,2.433845148644234,1.0276933128942276,ses02-block02-ep01
sub-004,S4,2,2,2,SpaceInvaders,2,620,6184,3.596774193548387,2.6390685640362226,0.9577056295121644,ses02-block02-ep02
sub-004,S4,2,4,2,SpaceInvaders,0,653,5479,3.445635528330781,2.7532396422704872,0.6923958860602939,ses02-block04-ep00
sub-004,S4,2,4,2,SpaceInvaders,1,490,4622,2.816326530612245,2.9608394634357422,-0.1445129328234973,ses02-block04-ep01
sub-004,S4,2,4,2,SpaceInvaders,2,58,496,2.7586206896551726,1.7741935483870968,0.9844271412680758,ses02-block04-ep02
sub-004,S4,2,8,2,SpaceInvaders,0,474,3647,4.1455696202531644,3.128598848368522,1.0169707718846426,ses02-block08-ep00
sub-004,S4,2,8,2,SpaceInvaders,1,504,5192,4.345238095238095,3.567989214175655,0.7772488810624401,ses02-block08-ep01
sub-004,S4,2,8,2,SpaceInvaders,2,169,1560,3.076923076923077,1.9262820512820513,1.1506410256410258,ses02-block08-ep02
sub-004,S4,3,1,2,SpaceInvaders,0,515,4930,3.087378640776699,2.522312373225152,0.565066267551547,ses03-block01-ep00
sub-004,S4,3,1,2,SpaceInvaders,1,413,4527,2.3970944309927362,2.601060304837641,-0.2039658738449046,ses03-block01-ep01
sub-004,S4,3,1,2,SpaceInvaders,2,215,1903,2.511627906976744,2.2175512348922752,0.29407667208446897,ses03-block01-ep02
sub-004,S4,3,4,2,SpaceInvaders,0,415,4195,2.8072289156626504,2.2419547079856974,0.565274207676953,ses03-block04-ep00
sub-004,S4,3,4,2,SpaceInvaders,1,124,1209,1.9758064516129032,2.06368899917287,-0.08788254755996694,ses03-block04-ep01
sub-004,S4,3,4,2,SpaceInvaders,2,259,2488,2.528957528957529,2.7009646302250805,-0.17200710126755148,ses03-block04-ep02
sub-004,S4,3,4,2,SpaceInvaders,3,143,1327,3.2517482517482517,1.7294649585531274,1.5222832931951242,ses03-block04-ep03
sub-004,S4,3,4,2,SpaceInvaders,4,213,1985,3.403755868544601,2.141057934508816,1.262697934035785,ses03-block04-ep04
sub-004,S4,3,7,2,SpaceInvaders,0,820,6663,4.060975609756097,3.480414227825304,0.5805613819307931,ses03-block07-ep00
sub-004,S4,3,7,2,SpaceInvaders,1,205,1958,3.097560975609756,2.2829417773237997,0.8146191982859565,ses03-block07-ep01
sub-004,S4,3,7,2,SpaceInvaders,2,176,2160,3.3238636363636362,2.4444444444444446,0.8794191919191916,ses03-block07-ep02
sub-004,S4,3,7,2,SpaceInvaders,3,73,536,3.0821917808219177,1.828358208955224,1.2538335718666938,ses03-block07-ep03
sub-004,S4,4,1,2,SpaceInvaders,0,420,4732,3.107142857142857,2.3816568047337277,0.7254860524091296,ses04-block01-ep00
sub-004,S4,4,1,2,SpaceInvaders,1,514,4912,3.122568093385214,2.484731270358306,0.637836823026908,ses04-block01-ep01
sub-004,S4,4,1,2,SpaceInvaders,2,133,1234,3.308270676691729,2.76742301458671,0.5408476621050191,ses04-block01-ep02
sub-004,S4,4,4,2,SpaceInvaders,0,280,2172,2.857142857142857,3.3494475138121547,-0.49230465666929746,ses04-block04-ep00
sub-004,S4,4,4,2,SpaceInvaders,1,332,3424,3.433734939759036,2.7132009345794392,0.720534005179597,ses04-block04-ep01
sub-004,S4,4,4,2,SpaceInvaders,2,492,5218,4.664634146341464,3.7159831353008816,0.9486510110405821,ses04-block04-ep02
sub-004,S4,4,7,2,SpaceInvaders,0,582,4881,4.1924398625429555,3.1643105920917844,1.028129270451171,ses04-block07-ep00
sub-004,S4,4,7,2,SpaceInvaders,1,602,5109,4.09468438538206,3.57799960853396,0.5166847768480998,ses04-block07-ep01
sub-004,S4,4,7,2,SpaceInvaders,2,12,226,3.75,1.238938053097345,2.5110619469026547,ses04-block07-ep02
sub-005,S5,1,3,0,Enduro,0,253,10507,0.308300395256917,0.21623679451794042,0.09206360073897657,ses01-block03-ep00
sub-005,S5,1,5,0,Enduro,0,222,10269,0.31981981981981983,0.20410945564319796,0.11571036417662187,ses01-block05-ep00
sub-005,S5,2,1,0,Enduro,0,269,10065,0.30111524163568776,0.19870839542970692,0.10240684620598084,ses02-block01-ep00
sub-005,S5,2,3,0,Enduro,0,194,10858,0.27835051546391754,0.22978449069810278,0.04856602476581476,ses02-block03-ep00
sub-005,S5,2,6,0,Enduro,0,211,10882,0.2796208530805687,0.20575261900385958,0.07386823407670914,ses02-block06-ep00
sub-005,S5,3,3,0,Enduro,0,250,9335,0.288,0.19571505088377075,0.09228494911622923,ses03-block03-ep00
sub-005,S5,3,5,0,Enduro,0,241,9480,0.2863070539419087,0.1881856540084388,0.09812139993346988,ses03-block05-ep00
sub-005,S5,3,7,0,Enduro,0,255,9570,0.34509803921568627,0.19017763845350052,0.15492040076218574,ses03-block07-ep00
sub-005,S5,4,3,0,Enduro,0,219,10623,0.3105022831050228,0.2092629200790737,0.1012393630259491,ses04-block03-ep00
sub-005,S5,4,5,0,Enduro,0,138,11796,0.427536231884058,0.19905052560189895,0.22848570628215903,ses04-block05-ep00
sub-005,S5,4,7,0,Enduro,0,254,10743,0.16535433070866143,0.23866703900214092,-0.0733127082934795,ses04-block07-ep00
sub-005,S5,1,2,1,Pong,0,230,1552,-0.030434782608695653,-0.05154639175257732,0.021111609143881663,ses01-block02-ep00
sub-005,S5,1,6,1,Pong,0,226,1726,-0.01327433628318584,-0.05735805330243337,0.04408371701924753,ses01-block06-ep00
sub-005,S5,2,5,1,Pong,0,247,2230,-0.020242914979757085,-0.04304932735426009,0.022806412374503007,ses02-block05-ep00
sub-005,S5,2,7,1,Pong,0,239,2172,-0.016736401673640166,-0.03314917127071823,0.016412769597078065,ses02-block07-ep00
sub-005,S5,2,9,1,Pong,0,229,2197,-0.008733624454148471,-0.036868456986800184,0.028134832532651713,ses02-block09-ep00
sub-005,S5,3,1,1,Pong,0,203,1613,-0.029556650246305417,-0.06013639181649101,0.030579741570185594,ses03-block01-ep00
sub-005,S5,3,6,1,Pong,0,205,1727,0.0,-0.03763752171395483,0.03763752171395483,ses03-block06-ep00
sub-005,S5,3,8,1,Pong,0,221,1685,-0.013574660633484163,-0.057566765578635014,0.04399210494515085,ses03-block08-ep00
sub-005,S5,4,1,1,Pong,0,213,1608,-0.009389671361502348,-0.05472636815920398,0.04533669679770164,ses04-block01-ep00
sub-005,S5,4,6,1,Pong,0,223,1938,0.0,-0.019091847265221878,0.019091847265221878,ses04-block06-ep00
sub-005,S5,4,8,1,Pong,0,221,1770,-0.00904977375565611,-0.03333333333333333,0.02428355957767722,ses04-block08-ep00
sub-005,S5,1,1,2,SpaceInvaders,0,145,2731,1.3103448275862069,1.2010252654705236,0.10931956211568328,ses01-block01-ep00
sub-005,S5,1,1,2,SpaceInvaders,1,139,3131,1.6906474820143884,1.1593740019163206,0.5312734800980679,ses01-block01-ep01
sub-005,S5,1,1,2,SpaceInvaders,2,113,2396,2.168141592920354,1.2374791318864775,0.9306624610338765,ses01-block01-ep02
sub-005,S5,1,1,2,SpaceInvaders,3,93,2290,1.935483870967742,1.0873362445414847,0.8481476264262573,ses01-block01-ep03
sub-005,S5,1,4,2,SpaceInvaders,0,135,2589,1.1851851851851851,1.2398609501738123,-0.05467576498862714,ses01-block04-ep00
sub-005,S5,1,4,2,SpaceInvaders,1,142,2637,1.795774647887324,1.2950322335987865,0.5007424142885375,ses01-block04-ep01
sub-005,S5,1,4,2,SpaceInvaders,2,116,2415,4.741379310344827,2.010351966873706,2.7310273434711214,ses01-block04-ep02
sub-005,S5,1,4,2,SpaceInvaders,3,111,2734,5.7207207207207205,2.9279444038039504,2.79277631691677,ses01-block04-ep03
sub-005,S5,1,4,2,SpaceInvaders,4,14,252,0.35714285714285715,0.5357142857142857,-0.17857142857142855,ses01-block04-ep04
sub-005,S5,2,2,2,SpaceInvaders,0,115,2527,1.391304347826087,1.5769687376335575,-0.18566438980747058,ses02-block02-ep00
sub-005,S5,2,2,2,SpaceInvaders,1,135,2895,4.037037037037037,3.1243523316062176,0.9126847054308196,ses02-block02-ep01
sub-005,S5,2,2,2,SpaceInvaders,2,102,3004,4.411764705882353,2.195406125166445,2.2163585807159083,ses02-block02-ep02
sub-005,S5,2,2,2,SpaceInvaders,3,130,2471,1.7692307692307692,1.1877782274382842,0.581452541792485,ses02-block02-ep03
sub-005,S5,2,2,2,SpaceInvaders,4,1,22,0.0,0.0,0.0,ses02-block02-ep04
sub-005,S5,2,4,2,SpaceInvaders,0,130,2261,3.0384615384615383,2.3949579831932772,0.6435035552682611,ses02-block04-ep00
sub-005,S5,2,4,2,SpaceInvaders,1,126,2545,3.5714285714285716,1.4263261296660117,2.14510244176256,ses02-block04-ep01
sub-005,S5,2,4,2,SpaceInvaders,2,119,2110,1.4705882352941178,2.447867298578199,-0.9772790632840813,ses02-block04-ep02
sub-005,S5,2,4,2,SpaceInvaders,3,100,1921,1.75,1.4731910463300364,0.2768089536699636,ses02-block04-ep03
sub-005,S5,2,4,2,SpaceInvaders,4,40,743,0.875,0.6258411843876177,0.2491588156123823,ses02-block04-ep04
sub-005,S5,2,8,2,SpaceInvaders,0,124,2121,1.1693548387096775,1.7138142385667139,-0.5444593998570364,ses02-block08-ep00
sub-005,S5,2,8,2,SpaceInvaders,1,137,2608,2.335766423357664,1.643021472392638,0.6927449509650261,ses02-block08-ep01
sub-005,S5,2,8,2,SpaceInvaders,2,146,2714,2.328767123287671,2.6418570375829034,-0.31308991429523214,ses02-block08-ep02
sub-005,S5,2,8,2,SpaceInvaders,3,78,1253,1.9871794871794872,1.74780526735834,0.23937421982114726,ses02-block08-ep03
sub-005,S5,3,2,2,SpaceInvaders,0,152,2212,1.6776315789473684,1.141500904159132,0.5361306747882364,ses03-block02-ep00
sub-005,S5,3,2,2,SpaceInvaders,1,147,2212,3.5714285714285716,3.3295660036166366,0.24186256781193505,ses03-block02-ep01
sub-005,S5,3,2,2,SpaceInvaders,2,124,1743,5.645161290322581,3.565691336775674,2.079469953546907,ses03-block02-ep02
sub-005,S5,3,2,2,SpaceInvaders,3,115,2126,2.1739130434782608,1.6180620884289747,0.555850955049286,ses03-block02-ep03
sub-005,S5,3,4,2,SpaceInvaders,0,216,3245,1.712962962962963,1.37442218798151,0.3385407749814531,ses03-block04-ep00
sub-005,S5,3,4,2,SpaceInvaders,1,112,1984,2.3660714285714284,1.6204637096774193,0.7456077188940091,ses03-block04-ep01
sub-005,S5,3,4,2,SpaceInvaders,2,103,1811,1.5048543689320388,2.3467697404748757,-0.8419153715428369,ses03-block04-ep02
sub-005,S5,3,9,2,SpaceInvaders,0,218,3425,2.68348623853211,2.0773722627737228,0.6061139757583871,ses03-block09-ep00
sub-005,S5,3,9,2,SpaceInvaders,1,129,1842,1.8992248062015504,1.4223669923995657,0.4768578138019848,ses03-block09-ep01
sub-005,S5,3,9,2,SpaceInvaders,2,111,1956,2.3873873873873874,1.2934560327198363,1.093931354667551,ses03-block09-ep02
sub-005,S5,4,2,2,SpaceInvaders,0,102,1589,4.901960784313726,2.2655758338577723,2.6363849504559536,ses04-block02-ep00
sub-005,S5,4,2,2,SpaceInvaders,1,115,2091,2.9130434782608696,1.8029650884744142,1.1100783897864555,ses04-block02-ep01
sub-005,S5,4,2,2,SpaceInvaders,2,255,3748,2.0588235294117645,1.8823372465314834,0.17648628288028112,ses04-block02-ep02
sub-005,S5,4,2,2,SpaceInvaders,3,83,1444,2.4698795180722892,1.0872576177285318,1.3826219003437574,ses04-block02-ep03
sub-005,S5,4,4,2,SpaceInvaders,0,99,1562,1.2121212121212122,1.6901408450704225,-0.47801963294921035,ses04-block04-ep00
sub-005,S5,4,4,2,SpaceInvaders,1,183,2538,3.66120218579235,2.888100866824271,0.7731013189680787,ses04-block04-ep01
sub-005,S5,4,4,2,SpaceInvaders,2,103,1522,1.3592233009708738,1.5243101182654402,-0.1650868172945663,ses04-block04-ep02
sub-005,S5,4,4,2,SpaceInvaders,3,109,1673,2.0642201834862384,1.5032875074716079,0.5609326760146305,ses04-block04-ep03
sub-005,S5,4,9,2,SpaceInvaders,0,133,1837,1.6917293233082706,2.0032661948829613,-0.3115368715746907,ses04-block09-ep00
sub-005,S5,4,9,2,SpaceInvaders,1,132,2122,2.5,1.710650329877474,0.789349670122526,ses04-block09-ep01
sub-005,S5,4,9,2,SpaceInvaders,2,129,2024,1.2403100775193798,1.766304347826087,-0.5259942703067071,ses04-block09-ep02
sub-005,S5,4,9,2,SpaceInvaders,3,109,2119,1.7431192660550459,1.514865502595564,0.2282537634594819,ses04-block09-ep03
sub-005,S5,4,9,2,SpaceInvaders,4,8,222,0.0,0.0,0.0,ses04-block09-ep04
sub-006,S6,1,2,0,Enduro,0,225,11122,0.43555555555555553,0.16678654918180183,0.26876900637375367,ses01-block02-ep00
sub-006,S6,1,2,0,Enduro,1,1,26,0.0,0.0,0.0,ses01-block02-ep01
sub-006,S6,1,5,0,Enduro,0,300,10962,0.31666666666666665,0.21364714468162743,0.10301952198503922,ses01-block05-ep00
sub-006,S6,2,3,0,Enduro,0,279,11164,0.30824372759856633,0.21013973486205662,0.09810399273650972,ses02-block03-ep00
sub-006,S6,2,5,0,Enduro,0,311,10629,0.33762057877813506,0.18214319315081381,0.15547738562732125,ses02-block05-ep00
sub-006,S6,2,7,0,Enduro,0,262,11476,0.3320610687022901,0.213401882188916,0.11865918651337407,ses02-block07-ep00
sub-006,S6,3,1,0,Enduro,0,296,11027,0.3581081081081081,0.20023578489162963,0.15787232321647848,ses03-block01-ep00
sub-006,S6,3,4,0,Enduro,0,338,9794,0.29289940828402367,0.21329385337962017,0.07960555490440349,ses03-block04-ep00
sub-006,S6,3,8,0,Enduro,0,238,10680,0.35294117647058826,0.1945692883895131,0.15837188808107516,ses03-block08-ep00
sub-006,S6,4,2,0,Enduro,0,258,10106,0.29457364341085274,0.2194735800514546,0.07510006335939814,ses04-block02-ep00
sub-006,S6,4,5,0,Enduro,0,206,10867,0.39805825242718446,0.19352167111438298,0.20453658131280147,ses04-block05-ep00
sub-006,S6,4,7,0,Enduro,0,164,9705,0.39634146341463417,0.20340030911901083,0.19294115429562333,ses04-block07-ep00
sub-006,S6,1,1,1,Pong,0,106,643,-0.009433962264150943,-0.03265940902021773,0.02322544675606679,ses01-block01-ep00
sub-006,S6,1,3,1,Pong,0,136,963,-0.007352941176470588,-0.007268951194184839,-8.398998228574886e-05,ses01-block03-ep00
sub-006,S6,2,1,1,Pong,0,157,979,-0.012738853503184714,-0.02247191011235955,0.009733056609174836,ses02-block01-ep00
sub-006,S6,2,6,1,Pong,0,212,1461,-0.014150943396226415,-0.039014373716632446,0.02486343032040603,ses02-block06-ep00
sub-006,S6,2,8,1,Pong,0,211,1165,-0.014218009478672985,-0.01201716738197425,-0.0022008420966987356,ses02-block08-ep00
sub-006,S6,3,3,1,Pong,0,224,1458,-0.026785714285714284,-0.03017832647462277,0.003392612188908486,ses03-block03-ep00
sub-006,S6,3,5,1,Pong,0,201,1131,-0.004975124378109453,-0.03183023872679045,0.026855114348681,ses03-block05-ep00
sub-006,S6,3,7,1,Pong,0,159,1009,-0.006289308176100629,-0.007928642220019821,0.0016393340439191922,ses03-block07-ep00
sub-006,S6,4,1,1,Pong,0,165,636,-0.006060606060606061,-0.012578616352201259,0.006518010291595198,ses04-block01-ep00
sub-006,S6,4,3,1,Pong,0,141,573,-0.0070921985815602835,-0.010471204188481676,0.0033790056069213925,ses04-block03-ep00
sub-006,S6,4,8,1,Pong,0,162,856,-0.012345679012345678,-0.04205607476635514,0.02971039575400946,ses04-block08-ep00
sub-006,S6,1,4,2,SpaceInvaders,0,113,1395,5.04424778761062,3.763440860215054,1.2808069273955658,ses01-block04-ep00
sub-006,S6,1,4,2,SpaceInvaders,1,147,1482,2.0408163265306123,2.08502024291498,-0.04420391638436749,ses01-block04-ep01
sub-006,S6,1,4,2,SpaceInvaders,2,183,2399,2.0765027322404372,2.674030846185911,-0.5975281139454736,ses01-block04-ep02
sub-006,S6,1,4,2,SpaceInvaders,3,165,2237,2.6363636363636362,2.4184175234689316,0.21794611289470467,ses01-block04-ep03
sub-006,S6,1,4,2,SpaceInvaders,4,122,1289,2.2950819672131146,2.0015515903801395,0.2935303768329751,ses01-block04-ep04
sub-006,S6,1,4,2,SpaceInvaders,5,108,2223,2.7777777777777777,1.6419253261358524,1.1358524516419253,ses01-block04-ep05
sub-006,S6,1,6,2,SpaceInvaders,0,216,2337,2.8472222222222223,1.4163457424047925,1.4308764798174298,ses01-block06-ep00
sub-006,S6,1,6,2,SpaceInvaders,1,198,1260,5.277777777777778,3.4682539682539684,1.8095238095238093,ses01-block06-ep01
sub-006,S6,1,6,2,SpaceInvaders,2,182,1974,3.5714285714285716,2.3404255319148937,1.231003039513678,ses01-block06-ep02
sub-006,S6,1,6,2,SpaceInvaders,3,168,2116,2.738095238095238,1.616257088846881,1.1218381492483571,ses01-block06-ep03
sub-006,S6,1,6,2,SpaceInvaders,4,165,2851,2.787878787878788,1.6415292879691337,1.1463494999096544,ses01-block06-ep04
sub-006,S6,2,2,2,SpaceInvaders,0,163,2739,1.687116564417178,2.4644030668127055,-0.7772865023955275,ses02-block02-ep00
sub-006,S6,2,2,2,SpaceInvaders,1,222,2622,2.22972972972973,1.6037376048817698,0.6259921248479601,ses02-block02-ep01
sub-006,S6,2,2,2,SpaceInvaders,2,134,2489,1.9402985074626866,1.5950180795500202,0.34528042791266644,ses02-block02-ep02
sub-006,S6,2,2,2,SpaceInvaders,3,89,2500,2.5842696629213484,2.224,0.3602696629213482,ses02-block02-ep03
sub-006,S6,2,2,2,SpaceInvaders,4,129,1990,3.062015503875969,1.7613065326633166,1.3007089712126525,ses02-block02-ep04
sub-006,S6,2,4,2,SpaceInvaders,0,178,2444,3.4831460674157304,1.6673486088379705,1.8157974585777599,ses02-block04-ep00
sub-006,S6,2,4,2,SpaceInvaders,1,218,2804,2.614678899082569,2.9957203994293864,-0.3810415003468175,ses02-block04-ep01
sub-006,S6,2,4,2,SpaceInvaders,2,173,1768,2.658959537572254,2.0955882352941178,0.5633713022781364,ses02-block04-ep02
sub-006,S6,2,4,2,SpaceInvaders,3,297,3607,3.8383838383838382,2.600499029664541,1.237884808719297,ses02-block04-ep03
sub-006,S6,2,4,2,SpaceInvaders,4,137,2677,3.2481751824817517,2.4318266716473667,0.8163485108343851,ses02-block04-ep04
sub-006,S6,2,4,2,SpaceInvaders,5,18,127,4.166666666666667,1.7322834645669292,2.434383202099738,ses02-block04-ep05
sub-006,S6,2,9,2,SpaceInvaders,0,224,2499,2.232142857142857,1.988795518207283,0.24334733893557425,ses02-block09-ep00
sub-006,S6,2,9,2,SpaceInvaders,1,130,1637,2.0,1.6035430665852168,0.39645693341478316,ses02-block09-ep01
sub-006,S6,2,9,2,SpaceInvaders,2,291,4058,4.673539518900344,3.3021192705766387,1.3714202483237052,ses02-block09-ep02
sub-006,S6,2,9,2,SpaceInvaders,3,79,1068,2.4683544303797467,2.0177902621722845,0.45056416820746215,ses02-block09-ep03
sub-006,S6,2,9,2,SpaceInvaders,4,137,2814,1.3503649635036497,4.593105899076049,-3.242740935572399,ses02-block09-ep04
sub-006,S6,2,9,2,SpaceInvaders,5,63,1693,5.873015873015873,4.249852333136444,1.6231635398794282,ses02-block09-ep05
sub-006,S6,2,9,2,SpaceInvaders,6,4,26,0.0,0.0,0.0,ses02-block09-ep06
sub-006,S6,3,2,2,SpaceInvaders,0,188,2144,2.7127659574468086,2.3950559701492535,0.31770998729755506,ses03-block02-ep00
sub-006,S6,3,2,2,SpaceInvaders,1,166,2070,3.0120481927710845,2.108695652173913,0.9033525405971714,ses03-block02-ep01
sub-006,S6,3,2,2,SpaceInvaders,2,323,3641,3.808049535603715,3.012908541609448,0.7951409939942673,ses03-block02-ep02
sub-006,S6,3,2,2,SpaceInvaders,3,213,2342,4.061032863849765,1.8936806148590948,2.16735224899067,ses03-block02-ep03
sub-006,S6,3,2,2,SpaceInvaders,4,162,1465,2.685185185185185,1.9624573378839592,0.722727847301226,ses03-block02-ep04
sub-006,S6,3,2,2,SpaceInvaders,5,2,25,0.0,0.0,0.0,ses03-block02-ep05
sub-006,S6,3,6,2,SpaceInvaders,0,277,2400,3.1768953068592056,2.4895833333333335,0.6873119735258721,ses03-block06-ep00
sub-006,S6,3,6,2,SpaceInvaders,1,292,2055,2.893835616438356,2.5815085158150852,0.31232710062327085,ses03-block06-ep01
sub-006,S6,3,6,2,SpaceInvaders,2,378,4283,4.232804232804233,3.2734064907774925,0.9593977420267401,ses03-block06-ep02
sub-006,S6,3,6,2,SpaceInvaders,3,125,962,2.72,2.3388773388773387,0.38112266112266147,ses03-block06-ep03
sub-006,S6,3,6,2,SpaceInvaders,4,123,1125,2.7642276422764227,2.066666666666667,0.6975609756097558,ses03-block06-ep04
sub-006,S6,3,9,2,SpaceInvaders,0,281,2300,3.0427046263345194,2.3043478260869565,0.7383568002475629,ses03-block09-ep00
sub-006,S6,3,9,2,SpaceInvaders,1,92,661,3.5869565217391304,2.4583963691376702,1.1285601526014601,ses03-block09-ep01
sub-006,S6,3,9,2,SpaceInvaders,2,372,3090,3.763440860215054,2.749190938511327,1.014249921703727,ses03-block09-ep02
sub-006,S6,3,9,2,SpaceInvaders,3,273,2381,2.673992673992674,3.0491390172196557,-0.3751463432269819,ses03-block09-ep03
sub-006,S6,3,9,2,SpaceInvaders,4,205,1341,3.8536585365853657,3.053691275167785,0.7999672614175806,ses03-block09-ep04
sub-006,S6,3,9,2,SpaceInvaders,5,54,328,3.1481481481481484,3.551829268292683,-0.4036811201445345,ses03-block09-ep05
sub-006,S6,4,4,2,SpaceInvaders,0,264,1639,6.268939393939394,4.905430140329469,1.3635092536099247,ses04-block04-ep00
sub-006,S6,4,4,2,SpaceInvaders,1,189,1492,3.3333333333333335,2.520107238605898,0.8132260947274355,ses04-block04-ep01
sub-006,S6,4,4,2,SpaceInvaders,2,176,1302,4.4602272727272725,3.6059907834101383,0.8542364893171341,ses04-block04-ep02
sub-006,S6,4,4,2,SpaceInvaders,3,122,1399,3.319672131147541,3.13795568263045,0.1817164485170908,ses04-block04-ep03
sub-006,S6,4,4,2,SpaceInvaders,4,356,3638,4.115168539325842,2.917811984606927,1.1973565547189153,ses04-block04-ep04
sub-006,S6,4,4,2,SpaceInvaders,5,169,1262,3.8461538461538463,2.9992076069730587,0.8469462391807876,ses04-block04-ep05
sub-006,S6,4,4,2,SpaceInvaders,6,3,63,0.0,0.0,0.0,ses04-block04-ep06
sub-006,S6,4,6,2,SpaceInvaders,0,168,1221,2.9761904761904763,2.854217854217854,0.12197262197262226,ses04-block06-ep00
sub-006,S6,4,6,2,SpaceInvaders,1,519,4369,5.289017341040463,3.9803158617532617,1.3087014792872012,ses04-block06-ep01
sub-006,S6,4,6,2,SpaceInvaders,2,176,1269,3.096590909090909,3.199369582348306,-0.10277867325739676,ses04-block06-ep02
sub-006,S6,4,6,2,SpaceInvaders,3,178,1637,3.595505617977528,2.834453268173488,0.7610523498040398,ses04-block06-ep03
sub-006,S6,4,6,2,SpaceInvaders,4,211,2238,3.3886255924170614,2.4575513851653263,0.9310742072517351,ses04-block06-ep04
sub-006,S6,4,6,2,SpaceInvaders,5,31,181,4.354838709677419,2.430939226519337,1.923899483158082,ses04-block06-ep05
sub-006,S6,4,9,2,SpaceInvaders,0,420,2663,5.0,5.341719864814119,-0.3417198648141193,ses04-block09-ep00
sub-006,S6,4,9,2,SpaceInvaders,1,259,2167,3.088803088803089,2.1596677434240887,0.9291353453790001,ses04-block09-ep01
sub-006,S6,4,9,2,SpaceInvaders,2,187,1101,4.064171122994653,3.810172570390554,0.25399855260409865,ses04-block09-ep02
sub-006,S6,4,9,2,SpaceInvaders,3,266,2213,3.5150375939849625,3.1179394487121552,0.3970981452728073,ses04-block09-ep03
sub-006,S6,4,9,2,SpaceInvaders,4,174,1228,3.67816091954023,3.179967426710098,0.4981934928301319,ses04-block09-ep04
