address,slot_name,is_key_slot,is_annotated_slot,trace_excluded,n_unique,value_min,value_max,value_range,pearson_r,r2,mae,normalized_mae,rounded_acc,majority_acc,acc_gain,pearson_rank,r2_rank,acc_gain_rank
0,internal_scan_counter,0,1,1,6,0.0,5.0,5.0,0.9304467210773627,0.8652381225031316,0.5152337240975998,0.10304674481951996,0.6197853134910953,0.35335854273400014,0.2664267707570952,2,2,1
1,,0,0,0,52,1.0,128.0,127.0,-0.0026883670859952752,-0.18833278947374854,59.96193574030748,0.4721412263016337,0.001484101813450435,0.5000609904854842,-0.4985768886720338,80,64,99
2,,0,0,0,22,0.0,160.0,160.0,0.004063488851532628,-0.15538946854390967,4.607354648827518,0.028795966555171987,0.3651500365942913,0.9236805724973571,-0.5585305359030659,73,55,108
3,,0,0,0,153,0.0,249.0,249.0,0.0887884830468696,-0.15662613351447385,66.99048201111242,0.2690380803659133,0.004574286411319834,0.04905668049117671,-0.04448239407985687,62,56,51
4,,0,0,0,104,2.0,248.0,246.0,0.40893973204406375,0.0912083773299115,55.614520471794215,0.22607528647070818,0.0062413596812230625,0.055155729039603155,-0.04891436935838009,30,29,55
5,,0,0,0,1,162.0,162.0,0.0,,,0.0,,1.0,1.0,0.0,90,90,3
6,,0,0,0,83,2.0,247.0,245.0,0.2431747108519861,-0.05627557260306526,67.78933824325293,0.2766911765030732,0.004188013336586159,0.08900544848336993,-0.08481743514678378,47,43,59
7,,0,0,0,1,183.0,183.0,0.0,,,0.0,,1.0,1.0,0.0,90,90,3
8,,0,0,0,108,2.0,248.0,246.0,0.10259007292941544,-0.18666285318046705,65.76669754120763,0.2673442989479985,0.003984711718305277,0.06479222574611694,-0.06080751402781166,59,63,57
9,,0,0,0,114,0.0,255.0,255.0,0.14578258035185074,-0.09324408056077282,69.48774204857516,0.27250094921009865,0.005285842075302919,0.2445108563064162,-0.23922501423111328,55,45,76
10,,0,0,0,10,16.0,246.0,230.0,0.039082718666101406,-0.15006982499261157,14.530591798447162,0.06317648608020505,0.035252500609904855,0.9457591282426608,-0.910506627632756,67,52,127
11,,0,0,0,2,9.0,255.0,246.0,0.037017127009640494,-0.1621445136614741,121.5416241312566,0.49407164280998617,0.01010409042855981,0.5101040904285599,-0.5,68,60,101
12,,0,0,0,1,255.0,255.0,0.0,,,0.0,,1.0,1.0,0.0,90,90,3
13,alien_edge_x_limit,0,1,0,6,50.0,130.0,80.0,0.838581678728656,0.6951682856541563,10.111096002323274,0.12638870002904093,0.03815971375132146,0.6908595592420915,-0.6526998454907701,12,12,114
14,,0,0,0,1,255.0,255.0,0.0,,,0.0,,1.0,1.0,0.0,90,90,3
15,,0,0,0,1,255.0,255.0,0.0,,,0.0,,1.0,1.0,0.0,90,90,3
16,enemies_y,1,1,0,16,0.0,76.0,76.0,0.9210657773316326,0.8472791597565152,4.817890571774317,0.06339329699703049,0.1173660242335529,0.15951044970317962,-0.042144425469626726,3,3,50
17,enemy_count,1,1,0,37,0.0,36.0,36.0,0.9427532532157539,0.8883173950749254,2.7341563020129023,0.07594878616702506,0.13182076929332356,0.06861429616979751,0.06320647312352605,1,1,2
18,alien_row1_bitmap,0,1,0,18,0.0,63.0,63.0,0.8850914856527086,0.7802091580862857,8.50797623650392,0.13504724184926856,0.299585264698707,0.6469260795315931,-0.3473408148328861,7,7,86
19,alien_row2_bitmap,0,1,0,22,0.0,63.0,63.0,0.9142832346254627,0.8349514708439423,8.21667427936007,0.13042340125968366,0.24532406277953972,0.539908107668537,-0.2945840448889973,4,4,81
20,alien_row3_bitmap,0,1,0,29,0.0,63.0,63.0,0.8892222002791305,0.7884703069864485,9.302659047835531,0.14766125472754812,0.1794949987801903,0.41105554200211436,-0.23156054322192407,6,6,74
21,alien_row4_bitmap,0,1,0,29,0.0,63.0,63.0,0.8710577707558222,0.7550765197917263,10.378517621802617,0.1647383749492479,0.15070748963161748,0.2983044645035374,-0.14759697487191994,9,9,65
22,alien_row5_bitmap,0,1,0,38,0.0,63.0,63.0,0.8760382807267236,0.7639387206548118,9.857585063627836,0.15646960418456882,0.09235992518500448,0.3775107749857689,-0.28515084980076444,8,8,80
23,alien_row6_bitmap,0,1,0,27,0.0,63.0,63.0,0.8297618081026901,0.6804284910861911,9.956786244305457,0.15804422610008662,0.04434008294706026,0.49566967553061725,-0.451329592583557,13,13,96
24,,0,0,0,10,16.0,147.0,131.0,0.34176894006110725,-0.040907432872329785,21.294390989433722,0.16255260297277652,0.017666910628608604,0.3619785313491095,-0.3443116207205009,36,38,85
25,,0,0,0,4,0.0,3.0,3.0,0.40042407961001447,0.056081341885088176,0.6836652163544292,0.2278884054514764,0.5339310400910792,0.6277140766040498,-0.0937830365129706,31,31,62
26,,0,0,0,104,23.0,130.0,107.0,0.7615087983830171,0.5618777482394197,9.142356492508094,0.08544258404213172,0.03805806294218102,0.055155729039603155,-0.017097666097422137,17,18,46
27,,0,0,0,1,43.0,43.0,0.0,,,0.0,,1.0,1.0,0.0,90,90,3
28,player_x,1,1,0,83,35.0,117.0,82.0,0.8944366484688944,0.7968116653840466,8.988559775791819,0.10961658263160755,0.040436691876067334,0.08849719443766772,-0.04806050256160039,5,5,53
29,,0,0,0,1,117.0,117.0,0.0,,,0.0,,1.0,1.0,0.0,90,90,3
30,,0,0,0,152,1.0,180.0,179.0,0.6137825915523479,0.3387992041059733,28.76582886310499,0.16070295454248598,0.013356916321053916,0.7639668211758965,-0.7506099048548426,21,21,118
31,,0,0,0,1,0.0,0.0,0.0,,,0.0,,1.0,1.0,0.0,90,90,3
32,,0,0,0,1,36.0,36.0,0.0,,,0.0,,1.0,1.0,0.0,90,90,3
33,,0,0,0,1,63.0,63.0,0.0,,,0.0,,1.0,1.0,0.0,90,90,3
34,,0,0,0,1,63.0,63.0,0.0,,,0.0,,1.0,1.0,0.0,90,90,3
35,,0,0,0,1,63.0,63.0,0.0,,,0.0,,1.0,1.0,0.0,90,90,3
36,,0,0,0,1,63.0,63.0,0.0,,,0.0,,1.0,1.0,0.0,90,90,3
37,,0,0,0,1,63.0,63.0,0.0,,,0.0,,1.0,1.0,0.0,90,90,3
38,,0,0,0,1,63.0,63.0,0.0,,,0.0,,1.0,1.0,0.0,90,90,3
39,,0,0,0,1,110.0,110.0,0.0,,,0.0,,1.0,1.0,0.0,90,90,3
40,,0,0,0,1,0.0,0.0,0.0,,,0.0,,1.0,1.0,0.0,90,90,3
41,,0,0,0,1,23.0,23.0,0.0,,,0.0,,1.0,1.0,0.0,90,90,3
42,game_state_flags,0,1,0,4,0.0,8.0,8.0,0.8603443569360706,0.7389627540766226,0.4020159520103411,0.05025199400129264,0.8202407091160445,0.9096730909978044,-0.08943238188175984,10,10,60
43,,0,0,0,12,0.0,60.0,60.0,-0.0009530438844834108,-0.5455749399489669,23.686376557618107,0.39477294262696844,0.013214605188257298,0.29277466048629747,-0.2795600552980402,77,82,79
44,,0,0,0,25,0.0,126.0,126.0,0.06962010788242338,-0.40791435793627784,44.718283949280654,0.35490701547048137,0.007318858258111734,0.27468081645929904,-0.2673619582011873,66,74,78
45,,0,0,0,20,0.0,126.0,126.0,-0.02821978791004925,-0.534020502643838,44.934951484111245,0.35662659908024796,0.006586972432300561,0.3109091648369521,-0.3043221924046515,84,81,82
46,,0,0,0,12,80.0,126.0,46.0,0.14684646272864751,-0.344357275712845,9.062839441360707,0.19701824872523274,0.03994876799219322,0.5607261933804993,-0.5207774253883061,54,71,105
47,,0,0,0,9,44.0,126.0,82.0,-0.09085463812483822,-0.5813190834817936,13.339025998276464,0.16267104875946906,0.07261933804993088,0.6862242823452874,-0.6136049442953565,88,85,112
48,,0,0,0,11,62.0,255.0,193.0,0.09157858988253322,-0.44292719779762146,62.138111721124744,0.32195912808872923,0.0674351467837684,0.30306172237131007,-0.2356265755875417,60,77,75
49,,0,0,0,9,62.0,255.0,193.0,0.1833527348756442,-0.2616010080086675,61.140627709406026,0.3167908171471815,0.06672359111978532,0.3246523542327397,-0.2579287631129544,52,69,77
50,,0,0,0,8,58.0,255.0,197.0,0.0015795877574644064,-0.48103217269841614,79.24055076128217,0.40223629828062013,0.051821582499796695,0.45340326909002193,-0.40158168659022525,74,78,92
51,,0,0,0,7,3.0,195.0,192.0,-0.060600141085232165,-0.549770674505605,65.99386619526923,0.3437180531003606,0.003761079938196308,0.45340326909002193,-0.44964218915182563,87,83,95
52,,0,0,0,7,16.0,60.0,44.0,0.13207587679633429,-0.3723392589002865,10.77819640250422,0.24495900914782318,0.03889159957713263,0.7138733024314874,-0.6749817028543548,56,72,116
53,,0,0,0,18,14.0,126.0,112.0,0.45909955528074964,0.11378229520952077,20.10129926564723,0.17947588630042172,0.018886720338293892,0.5828454094494592,-0.5639586891111653,27,27,109
54,,0,0,0,9,50.0,126.0,76.0,0.38618363501222835,0.006281126160553319,17.17377041789335,0.22597066339333358,0.023481336911441816,0.6568878588273562,-0.6334065219159144,32,34,113
55,,0,0,0,4,30.0,126.0,96.0,0.009707229277518556,-0.5049126528198136,12.687687112343372,0.13216340742024346,0.04021306009595836,0.9200211433683012,-0.8798080832723428,71,79,125
56,,0,0,0,4,62.0,126.0,64.0,-0.10360074123785575,-0.6399565466462904,16.324090850695445,0.2550639195421163,0.027974302675449297,0.853094250630235,-0.8251199479547857,89,88,123
57,,0,0,0,7,14.0,255.0,241.0,-0.04167694286333345,-0.6129149745015374,59.08912817195071,0.24518310444792826,0.21373099129869075,0.7208058876148654,-0.5070748963161746,85,87,103
58,,0,0,0,10,30.0,255.0,225.0,-0.02019084496791994,-0.5763089348464137,53.60417128698878,0.2382407612755057,0.20407416443034887,0.6896804098560625,-0.4856062454257136,83,84,98
59,,0,0,0,12,47.0,255.0,208.0,0.2709662362551142,-0.16231020188383227,49.51037102601795,0.2380306299327786,0.21881353175571278,0.7252175327315605,-0.5064040009758477,43,61,102
60,,0,0,0,9,1.0,195.0,194.0,0.22370767217561696,-0.22532026410030537,54.656394287503964,0.28173399117270087,0.007135886801658942,0.7252175327315605,-0.7180816459299015,48,66,117
61,,0,0,0,12,0.0,60.0,60.0,0.3621415307552769,-0.0758442554237806,18.1752868393548,0.30292144732258003,0.027222086687810034,0.37055785964056276,-0.34333577295275275,35,44,84
62,,0,0,0,24,0.0,126.0,126.0,0.22241762290512593,-0.27968286386572094,36.604486433502096,0.2905117970912865,0.010185411075872165,0.370151256404001,-0.3599658453281288,49,70,87
63,,0,0,0,9,28.0,126.0,98.0,0.07157863058384027,-0.4421380119372018,30.065084783121794,0.30678657941961013,0.014027811661380825,0.7779539725136212,-0.7639261608522404,65,76,120
64,,0,0,0,7,30.0,126.0,96.0,-0.004247661668702109,-0.5889624793818642,12.428842096762258,0.12946710517460686,0.03553712287549809,0.852870618850126,-0.817333495974628,81,86,122
65,,0,0,0,6,30.0,126.0,96.0,0.02627601117105687,-0.52168968193906,11.685395471505094,0.12172286949484473,0.04214442546962674,0.8692160689599089,-0.8270716434902822,69,80,124
66,,0,0,0,10,50.0,255.0,205.0,0.30505076825567234,-0.12216764557857052,60.03009863645069,0.2928297494461009,0.09849963405708709,0.4710701797186306,-0.37257054566154346,40,48,91
67,,0,0,0,10,62.0,255.0,193.0,0.262580005322649,-0.20459088537285264,63.674456372012486,0.3299194630674222,0.10248434577539237,0.4710701797186306,-0.3685858339432382,45,65,90
68,,0,0,0,10,31.0,255.0,224.0,0.11406895617023666,-0.4013992835635041,58.047289142979345,0.2591396836740149,0.16327152964137595,0.6732536390989672,-0.5099821094575913,58,73,104
69,,0,0,0,6,3.0,195.0,192.0,0.08129987964743023,-0.42735122720783814,60.8321196149789,0.3168339563280151,0.005895746930145564,0.6741481662194031,-0.6682524192892575,64,75,115
70,,0,0,0,8,0.0,255.0,255.0,0.3783358442321579,0.004363073484070945,71.92539476756983,0.28206037163752873,0.03551679271367,0.2199520208180857,-0.1844352281044157,33,35,70
71,,0,0,0,1,0.0,0.0,0.0,,,0.0,,1.0,1.0,0.0,90,90,3
72,,0,0,0,156,0.0,250.0,250.0,0.02147054108691514,-0.15449481356844652,63.97314261056218,0.2558925704422487,0.003618768805399691,0.21096608929007074,-0.20734732048467105,70,54,72
73,num_lives,1,1,0,4,0.0,3.0,3.0,-0.04376579572962654,-0.7306552012983185,0.7771732954147377,0.2590577651382459,0.40967309099780436,0.5977677482312759,-0.18809465723347152,86,89,71
74,,0,0,0,256,0.0,255.0,255.0,0.20210410401298518,-0.10599515229380607,64.83522535019932,0.25425578568705615,0.003842400585508661,0.004757257867772627,-0.0009148572822639664,51,46,45
75,,0,0,0,4,0.0,6.0,6.0,0.48850209451438903,0.2109331819572674,0.6263144020149599,0.10438573366915999,0.5338497194437668,0.6555460681467025,-0.12169634870293566,26,26,64
76,,0,0,0,4,0.0,5.0,5.0,0.5190159923688483,0.22390069986369787,0.8712834827859411,0.17425669655718823,0.4141863869236399,0.5806090916483695,-0.1664227047247296,25,25,69
77,,0,0,0,73,0.0,72.0,72.0,0.5334810823279713,0.27024408510219944,2.5218408944704302,0.03502556797875597,0.30176059201431243,0.6654061966333252,-0.3636456046190128,23,23,88
78,,0,0,0,80,0.0,79.0,79.0,0.2531708322612219,-0.04251985706548855,17.465103816567296,0.22107726350085186,0.03635032934862162,0.19673497601040904,-0.16038464666178742,46,39,68
79,,0,0,0,7,0.0,24.0,24.0,0.29832181329720603,0.02561503131758558,4.082386434698644,0.17009943477911016,0.17849882085061397,0.7325770513133285,-0.5540782304627145,42,33,107
80,,0,0,0,9,0.0,32.0,32.0,0.33540934176525666,0.039590533338022205,5.927757193899313,0.18524241230935354,0.06940717248109295,0.29952427421322275,-0.2301171017321298,38,32,73
81,,0,0,0,95,14.0,246.0,232.0,0.7070115557916342,0.4862525067274803,24.398183572134315,0.1051645843626479,0.015389932503862731,0.07288363015369602,-0.05749369764983329,19,19,56
82,,0,0,0,69,40.0,246.0,206.0,0.5282447970752543,0.24516776260604312,35.76186447394828,0.17360128385411785,0.011079938196308042,0.16520289501504432,-0.15412295681873628,24,24,67
83,,0,0,0,107,27.0,134.0,107.0,0.30293258041003723,-0.053041321006698894,24.20278474952454,0.22619424999555646,0.012848662275351712,0.037244856469057494,-0.024396194193705784,41,41,47
84,,0,0,0,107,27.0,134.0,107.0,0.22200104980372723,-0.12897317524603413,25.60579764223529,0.23930652002089056,0.012157436773196714,0.04541758152394893,-0.033260144750752216,50,49,49
85,,0,0,0,47,3.0,246.0,243.0,0.2638537115697016,-0.05581466250145728,82.4381596026328,0.3392516856075424,0.00351711799625925,0.42412783605757504,-0.4206107180613158,44,42,94
86,,0,0,0,1,246.0,246.0,0.0,,,0.0,,1.0,1.0,0.0,90,90,3
87,,0,0,0,79,40.0,122.0,82.0,0.7609967067907818,0.5687918427107057,13.261386524829243,0.16172422591255176,0.027181426364153858,0.11681710986419452,-0.08963568350004067,18,17,61
88,,0,0,0,77,40.0,122.0,82.0,0.6581870264175823,0.40746012905604545,15.290430502338197,0.18646866466266093,0.02254614946734976,0.08447182239570628,-0.06192567292835652,20,20,58
89,internal_cooldown_timer,0,1,1,2,0.0,80.0,80.0,0.8155868638011009,0.6517802233347115,4.7592101244846186,0.05949012655605773,0.07379848743595999,0.9791819142880377,-0.9053834268520777,14,14,126
90,,0,0,0,256,0.0,255.0,255.0,-0.005862903410598657,-0.1591916599575105,67.14551222125641,0.2633157342010055,0.004066032365617631,0.004350654631210865,-0.00028462226559323404,82,59,43
91,,0,0,0,1,24.0,24.0,0.0,,,0.0,,1.0,1.0,0.0,90,90,3
92,,0,0,0,1,0.0,0.0,0.0,,,0.0,,1.0,1.0,0.0,90,90,3
93,,0,0,0,1,52.0,52.0,0.0,,,0.0,,1.0,1.0,0.0,90,90,3
94,,0,0,0,1,82.0,82.0,0.0,,,0.0,,1.0,1.0,0.0,90,90,3
95,,0,0,0,1,196.0,196.0,0.0,,,0.0,,1.0,1.0,0.0,90,90,3
96,,0,0,0,1,246.0,246.0,0.0,,,0.0,,1.0,1.0,0.0,90,90,3
97,,0,0,0,1,20.0,20.0,0.0,,,0.0,,1.0,1.0,0.0,90,90,3
98,,0,0,0,1,7.0,7.0,0.0,,,0.0,,1.0,1.0,0.0,90,90,3
99,,0,0,0,1,0.0,0.0,0.0,,,0.0,,1.0,1.0,0.0,90,90,3
100,,0,0,0,1,226.0,226.0,0.0,,,0.0,,1.0,1.0,0.0,90,90,3
101,,0,0,0,1,0.0,0.0,0.0,,,0.0,,1.0,1.0,0.0,90,90,3
102,,0,0,0,26,0.0,37.0,37.0,0.41487012285222663,0.06566293691221259,6.70923178169973,0.1813305886945873,0.09307148084898756,0.14084736114499471,-0.047775880296007156,29,30,52
103,,0,0,0,1,0.0,0.0,0.0,,,0.0,,1.0,1.0,0.0,90,90,3
104,,0,0,0,20,0.0,149.0,149.0,0.15433592052017167,-0.2476123264726222,44.03046206337577,0.2955064568011797,0.013499227453850533,0.11071806131576807,-0.09721883386191754,53,67,63
105,,0,0,0,1,0.0,0.0,0.0,,,0.0,,1.0,1.0,0.0,90,90,3
106,,0,0,0,256,0.0,255.0,255.0,-0.0018813541394964647,-0.1567576615421229,67.09575400360622,0.26312060393571063,0.003944051394649101,0.0042896641457266,-0.00034561275107749916,78,57,44
107,alien_alive_column_mask,0,1,0,22,0.0,63.0,63.0,0.8424990152110545,0.7028805516994379,9.80570709731527,0.1556461444018297,0.04173782223306498,0.6262503049524274,-0.5845124827193624,11,11,110
108,,0,0,0,1,0.0,0.0,0.0,,,0.0,,1.0,1.0,0.0,90,90,3
109,,0,0,0,5,0.0,128.0,128.0,0.5539641230869298,0.3017516863574118,0.5175837047620451,0.004043622693453477,0.7601040904285599,0.9097137513214605,-0.14960966089290062,22,22,66
110,,0,0,0,22,0.0,255.0,255.0,0.11928175326897153,-0.11211292700058517,41.184795480303,0.1615090018835412,0.009595836382857608,0.37622997479059933,-0.3666341384077417,57,47,89
111,,0,0,0,9,0.0,255.0,255.0,0.4166548324785187,0.11260193557032971,48.93329967428361,0.19189529284032789,0.27049280312271284,0.8672847035862405,-0.5967919004635277,28,28,111
112,,0,0,0,19,0.0,255.0,255.0,0.0840351331539053,-0.15798219874661235,58.510425485885655,0.22945264896425746,0.030861185655037815,0.49993900951451575,-0.46907782385947794,63,58,97
113,,0,0,0,1,0.0,0.0,0.0,,,0.0,,1.0,1.0,0.0,90,90,3
114,,0,0,0,18,0.0,255.0,255.0,0.3644079902546254,0.0007517909144025836,54.49746305073743,0.2137155413754409,0.011974465316743921,0.7635602179393348,-0.7515857526225909,34,36,119
115,,0,0,0,2,0.0,252.0,252.0,0.3382546490990378,-0.046238763674590455,83.76718431733978,0.33240946157674517,0.23737496950475725,0.7681548345124827,-0.5307798650077254,37,40,106
116,,0,0,0,2,0.0,2.0,2.0,-0.0026474412815292955,-0.16798812308055222,0.00404982589271544,0.00202491294635772,0.9999593396763439,0.9999593396763439,0.0,79,62,3
117,,0,0,0,1,0.0,0.0,0.0,,,0.0,,1.0,1.0,0.0,90,90,3
118,,0,0,0,7,0.0,48.0,48.0,0.0083750099274997,-0.13935499863934941,1.1200610513295175,0.023334605236031616,0.5884971944376677,0.9903228429698301,-0.4018256485321624,72,50,93
119,,0,0,0,1,0.0,0.0,0.0,,,0.0,,1.0,1.0,0.0,90,90,3
120,,0,0,0,5,0.0,99.0,99.0,0.7832364272894217,0.6030923717984089,7.882487900653893,0.07962108990559488,0.45791656501585754,0.9570423680572497,-0.4991258030413922,15,15,100
121,,0,0,0,2,252.0,255.0,3.0,0.7697620688028999,0.5807276595717727,0.2509089877297745,0.08363632924325816,0.9081889891843539,0.9570423680572497,-0.04885337887289587,16,16,54
122,,0,0,0,1,0.0,0.0,0.0,,,0.0,,1.0,1.0,0.0,90,90,3
123,,0,0,0,1,0.0,0.0,0.0,,,0.0,,1.0,1.0,0.0,90,90,3
124,,0,0,0,4,148.0,235.0,87.0,0.09016710981815146,-0.2549201491896611,21.55260672921755,0.2477311118300868,0.016365780271610963,0.8023298365454989,-0.785964056273888,61,68,121
125,,0,0,0,3,251.0,254.0,3.0,0.30911942202422854,-0.03790109234835071,0.6764961956787606,0.22549873189292022,0.482475400504188,0.8023298365454989,-0.3198544360413109,39,37,83
126,,0,0,0,6,7.0,233.0,226.0,0.0014786692277136506,-0.14943324880964615,18.492304002442786,0.08182435399310968,0.02583963568350004,0.9580792063104823,-0.9322395706269823,75,51,128
127,,0,0,0,4,242.0,245.0,3.0,-0.0005924767220388804,-0.15118579386423536,0.27927622469768415,0.09309207489922805,0.9292713670000813,0.958262177766935,-0.028990810766853725,76,53,48
