subject,game,game_name,day,lag1_autocorr,n_steps
sub_1,1,Pong,1,0.8680338973150923,17872
sub_1,1,Pong,1,0.8363671462933642,17889
sub_1,1,Pong,2,0.8098173900933696,13343
sub_1,1,Pong,2,0.7867740598123498,13305
sub_1,1,Pong,2,0.7998293356996656,13283
sub_1,1,Pong,3,0.7262209813938825,9486
sub_1,1,Pong,3,0.7520288881403346,9911
sub_1,1,Pong,3,0.7178450666102223,10050
sub_1,1,Pong,4,0.7701846273049798,10124
sub_1,1,Pong,4,0.7154926245016866,10293
sub_1,1,Pong,4,0.7226782632023185,10144
sub_1,2,SpaceInvaders,1,0.8548707355947691,4501
sub_1,2,SpaceInvaders,1,0.8850338144658307,4373
sub_1,2,SpaceInvaders,1,0.8934479599210584,5231
sub_1,2,SpaceInvaders,1,0.8753991132065198,7205
sub_1,2,SpaceInvaders,1,0.8637942115813327,5161
sub_1,2,SpaceInvaders,1,0.9118481618876109,721
sub_1,2,SpaceInvaders,1,0.8899631727812092,5733
sub_1,2,SpaceInvaders,1,0.8629662715454366,5071
sub_1,2,SpaceInvaders,1,0.8840620148722635,4759
sub_1,2,SpaceInvaders,1,0.87959434437267,9903
sub_1,2,SpaceInvaders,1,0.8619156525518824,1783
sub_1,2,SpaceInvaders,2,0.8657753416761921,5189
sub_1,2,SpaceInvaders,2,0.8369487322512438,4183
sub_1,2,SpaceInvaders,2,0.8304757907376058,4813
sub_1,2,SpaceInvaders,2,0.8140236165714254,4710
sub_1,2,SpaceInvaders,2,0.8211603303299987,4733
sub_1,2,SpaceInvaders,2,0.8400292536831834,1637
sub_1,2,SpaceInvaders,2,0.8311790274284337,4482
sub_1,2,SpaceInvaders,2,0.8162397027771103,5084
sub_1,2,SpaceInvaders,2,0.8103207653412103,3994
sub_1,2,SpaceInvaders,2,0.8162629459704688,4039
sub_1,2,SpaceInvaders,2,0.8083862886398102,4351
sub_1,2,SpaceInvaders,2,0.7715763675217281,3441
sub_1,2,SpaceInvaders,2,0.7994085258877517,7705
sub_1,2,SpaceInvaders,2,0.8138600239630562,7335
sub_1,2,SpaceInvaders,2,0.8150613088383015,4735
sub_1,2,SpaceInvaders,2,0.7872548601276619,3280
sub_1,2,SpaceInvaders,2,0.8022576000878808,2203
sub_1,2,SpaceInvaders,3,0.8125812912206304,12671
sub_1,2,SpaceInvaders,3,0.8001812489849274,10941
sub_1,2,SpaceInvaders,3,0.81649197319567,753
sub_1,2,SpaceInvaders,3,0.8089002965538424,4445
sub_1,2,SpaceInvaders,3,0.8238016836079006,7783
sub_1,2,SpaceInvaders,3,0.8084943803914921,11721
sub_1,2,SpaceInvaders,3,0.8357831883142796,9273
sub_1,2,SpaceInvaders,3,0.8173951066084013,4361
sub_1,2,SpaceInvaders,3,0.8011414830868241,7592
sub_1,2,SpaceInvaders,3,0.7929893044668099,3233
sub_1,2,SpaceInvaders,4,0.8095994992382483,3921
sub_1,2,SpaceInvaders,4,0.8221276160474594,4161
sub_1,2,SpaceInvaders,4,0.8022814602408873,10723
sub_1,2,SpaceInvaders,4,0.7555067043328516,5800
sub_1,2,SpaceInvaders,4,0.8069107365084721,4405
sub_1,2,SpaceInvaders,4,0.8090650531991465,13181
sub_1,2,SpaceInvaders,4,0.7872073958469299,6393
sub_1,2,SpaceInvaders,4,0.8413545781897614,5709
sub_1,2,SpaceInvaders,4,0.8003868068356155,3756
sub_1,2,SpaceInvaders,4,0.7834202245096548,3356
sub_1,2,SpaceInvaders,4,0.7976870335531487,10769
sub_1,2,SpaceInvaders,4,0.7693383135090726,1023
sub_2,1,Pong,1,0.778300107525268,9881
sub_2,1,Pong,1,0.8189400660704984,9367
sub_2,1,Pong,2,0.7979676564488757,10020
sub_2,1,Pong,2,0.8064853942892295,10770
sub_2,1,Pong,2,0.8297737620466087,10633
sub_2,1,Pong,3,0.8119944943064125,10556
sub_2,1,Pong,3,0.8109565410068906,10156
sub_2,1,Pong,3,0.8095707709732823,10299
sub_2,1,Pong,4,0.765572938567282,9757
sub_2,1,Pong,4,0.7699760137083339,9260
sub_2,1,Pong,4,0.8228300249082117,9238
sub_2,2,SpaceInvaders,1,0.8758977317594677,4351
sub_2,2,SpaceInvaders,1,0.8455879315560609,3925
sub_2,2,SpaceInvaders,1,0.8554870463097536,4921
sub_2,2,SpaceInvaders,1,0.846321360409082,3886
sub_2,2,SpaceInvaders,1,0.8633400446360369,4255
sub_2,2,SpaceInvaders,1,0.8647178399616087,2083
sub_2,2,SpaceInvaders,1,0.8189429510544558,1359
sub_2,2,SpaceInvaders,1,0.8484187154336964,6283
sub_2,2,SpaceInvaders,1,0.8611192068274821,4667
sub_2,2,SpaceInvaders,1,0.8718226082566036,4333
sub_2,2,SpaceInvaders,1,0.9199632264575882,7270
sub_2,2,SpaceInvaders,1,0.9406816150798277,2009
sub_2,2,SpaceInvaders,2,0.8228330850557802,3841
sub_2,2,SpaceInvaders,2,0.833686515945815,3557
sub_2,2,SpaceInvaders,2,0.8536531879687997,4285
sub_2,2,SpaceInvaders,2,0.8461439461439452,7215
sub_2,2,SpaceInvaders,2,0.8182807995634829,1155
sub_2,2,SpaceInvaders,2,0.8278158180642761,3737
sub_2,2,SpaceInvaders,2,0.7909406500523498,938
sub_2,2,SpaceInvaders,2,0.822087518605254,7533
sub_2,2,SpaceInvaders,2,0.8548710700673172,4207
sub_2,2,SpaceInvaders,2,0.8302063263230305,7055
sub_2,2,SpaceInvaders,2,0.8569423790027567,4393
sub_2,2,SpaceInvaders,2,0.8324660658230068,353
sub_2,2,SpaceInvaders,2,0.8346266376896645,2141
sub_2,2,SpaceInvaders,2,0.8421099928942074,3917
sub_2,2,SpaceInvaders,2,0.8319856878925617,4261
sub_2,2,SpaceInvaders,2,0.8458762916052441,3373
sub_2,2,SpaceInvaders,2,0.8495230337945919,10881
sub_2,2,SpaceInvaders,3,0.8403887942044981,4083
sub_2,2,SpaceInvaders,3,0.8471236363147752,3527
sub_2,2,SpaceInvaders,3,0.8463114486682587,7298
sub_2,2,SpaceInvaders,3,0.8471022387663831,8271
sub_2,2,SpaceInvaders,3,0.796546086165751,1332
sub_2,2,SpaceInvaders,3,0.8076324929957467,1959
sub_2,2,SpaceInvaders,3,0.8400275468919929,6249
sub_2,2,SpaceInvaders,3,0.8513830970121086,10213
sub_2,2,SpaceInvaders,3,0.8365616834621871,5845
sub_2,2,SpaceInvaders,3,0.875116734620602,15567
sub_2,2,SpaceInvaders,3,0.8635056892839188,7454
sub_2,2,SpaceInvaders,3,0.8233050072429576,2064
sub_2,2,SpaceInvaders,4,0.8361567369503591,2801
sub_2,2,SpaceInvaders,4,0.8402474034674692,2536
sub_2,2,SpaceInvaders,4,0.8508393774105311,11867
sub_2,2,SpaceInvaders,4,0.8368704364572658,2329
sub_2,2,SpaceInvaders,4,0.8531286469238126,3752
sub_2,2,SpaceInvaders,4,0.7860635342170672,390
sub_2,2,SpaceInvaders,4,0.8651460695711486,11729
sub_2,2,SpaceInvaders,4,0.8521175917946403,3469
sub_2,2,SpaceInvaders,4,0.8554793276721485,3730
sub_2,2,SpaceInvaders,4,0.8256700404644977,5284
sub_2,2,SpaceInvaders,4,0.8503810410507674,11081
sub_2,2,SpaceInvaders,4,0.8349643941946416,3214
sub_2,2,SpaceInvaders,4,0.8557124827867492,8163
sub_3,1,Pong,1,0.8617454896740226,11643
sub_3,1,Pong,1,0.9187360214212922,11639
sub_3,1,Pong,2,0.8790343902036335,11644
sub_3,1,Pong,2,0.8563579657978989,11652
sub_3,1,Pong,2,0.8768039081362916,11694
sub_3,1,Pong,3,0.877414116215484,11670
sub_3,1,Pong,3,0.8819317134675377,11665
sub_3,1,Pong,3,0.9013242292935366,11682
sub_3,1,Pong,4,0.8686906509341736,11682
sub_3,1,Pong,4,0.8719423785222651,11664
sub_3,1,Pong,4,0.8883162574949935,11652
sub_3,2,SpaceInvaders,1,0.8648857459336986,5634
sub_3,2,SpaceInvaders,1,0.7699948923175883,4985
sub_3,2,SpaceInvaders,1,0.7612204082593913,4054
sub_3,2,SpaceInvaders,1,0.8454477329798293,4059
sub_3,2,SpaceInvaders,1,0.7754564814229772,1953
sub_3,2,SpaceInvaders,1,0.7874944815679321,7459
sub_3,2,SpaceInvaders,1,0.7773709578036466,4026
sub_3,2,SpaceInvaders,1,0.8088122004749622,5866
sub_3,2,SpaceInvaders,2,0.7559839318297605,3473
sub_3,2,SpaceInvaders,2,0.786141571580563,3671
sub_3,2,SpaceInvaders,2,0.8307511964940977,8007
sub_3,2,SpaceInvaders,2,0.8528974042002821,5021
sub_3,2,SpaceInvaders,2,0.861656914084755,12097
sub_3,2,SpaceInvaders,2,0.8485826936477983,7657
sub_3,2,SpaceInvaders,2,0.8512977365173074,1079
sub_3,2,SpaceInvaders,2,0.9135555560614473,8395
sub_3,2,SpaceInvaders,2,0.8650786789993621,12361
sub_3,2,SpaceInvaders,3,0.8089166932854224,14965
sub_3,2,SpaceInvaders,3,0.8038079848337234,2399
sub_3,2,SpaceInvaders,3,0.8280137982170132,4495
sub_3,2,SpaceInvaders,3,0.8310454733984295,11867
sub_3,2,SpaceInvaders,3,0.8091247341785106,3790
sub_3,2,SpaceInvaders,3,0.8089441693343662,4591
sub_3,2,SpaceInvaders,3,0.8480912262141928,13553
sub_3,2,SpaceInvaders,3,0.7768086776530851,1968
sub_3,2,SpaceInvaders,4,0.8318739674812885,12287
sub_3,2,SpaceInvaders,4,0.8161210156952455,8179
sub_3,2,SpaceInvaders,4,0.8072655174502086,14293
sub_3,2,SpaceInvaders,4,0.7533925679009459,2594
sub_3,2,SpaceInvaders,4,0.8183097650841434,5191
sub_3,2,SpaceInvaders,4,0.8534002932558773,14823
sub_3,2,SpaceInvaders,4,0.6846363590378135,435
sub_4,1,Pong,1,0.8637624549067157,11740
sub_4,1,Pong,1,0.8498926103162107,11659
sub_4,1,Pong,2,0.8854463792610093,11567
sub_4,1,Pong,2,0.8500047824934582,11625
sub_4,1,Pong,2,0.8521997346050307,11574
sub_4,1,Pong,3,0.8254352762431874,11677
sub_4,1,Pong,3,0.8419864500863653,11680
sub_4,1,Pong,3,0.8190026389250085,11640
sub_4,1,Pong,4,0.8080837265362983,11622
sub_4,1,Pong,4,0.7954253116722467,11681
sub_4,1,Pong,4,0.768965179677929,11571
sub_4,2,SpaceInvaders,1,0.7348895532802808,4342
sub_4,2,SpaceInvaders,1,0.7915034858450808,3443
sub_4,2,SpaceInvaders,1,0.7444531092295411,10498
sub_4,2,SpaceInvaders,1,0.76589724039832,12459
sub_4,2,SpaceInvaders,1,0.75706573725739,8503
sub_4,2,SpaceInvaders,2,0.738564246797167,4009
sub_4,2,SpaceInvaders,2,0.7440041506507691,6181
sub_4,2,SpaceInvaders,2,0.7520444611021128,10765
sub_4,2,SpaceInvaders,2,0.7731901109304228,11571
sub_4,2,SpaceInvaders,2,0.7578950798314512,8471
sub_4,2,SpaceInvaders,2,0.7099405029906924,868
sub_4,2,SpaceInvaders,2,0.746626900007346,7557
sub_4,2,SpaceInvaders,2,0.7640916988978178,9123
sub_4,2,SpaceInvaders,2,0.6830043067466744,2505
sub_4,2,SpaceInvaders,3,0.7629603195597812,9069
sub_4,2,SpaceInvaders,3,0.7742001476520654,7853
sub_4,2,SpaceInvaders,3,0.7477758013773517,3553
sub_4,2,SpaceInvaders,3,0.7442332737494219,7115
sub_4,2,SpaceInvaders,3,0.7349680222894552,2055
sub_4,2,SpaceInvaders,3,0.7065168592764608,4053
sub_4,2,SpaceInvaders,3,0.802871939531408,2907
sub_4,2,SpaceInvaders,3,0.7356655367663567,3468
sub_4,2,SpaceInvaders,3,0.688897001325661,11553
sub_4,2,SpaceInvaders,3,0.7339625595439554,3367
sub_4,2,SpaceInvaders,3,0.692668495860839,3095
sub_4,2,SpaceInvaders,3,0.7041038086329748,1031
sub_4,2,SpaceInvaders,4,0.7886651930903102,8397
sub_4,2,SpaceInvaders,4,0.7726857106324649,9305
sub_4,2,SpaceInvaders,4,0.7330130604400694,2152
sub_4,2,SpaceInvaders,4,0.7326660346318565,4289
sub_4,2,SpaceInvaders,4,0.7769568863728528,6231
sub_4,2,SpaceInvaders,4,0.7144308226869561,8178
sub_4,2,SpaceInvaders,4,0.7092208331739831,8623
sub_4,2,SpaceInvaders,4,0.6680123072499359,8373
sub_4,2,SpaceInvaders,4,0.8768292365577433,407
sub_5,1,Pong,1,0.8467841416953602,11540
sub_5,1,Pong,1,0.8601276268805678,11543
sub_5,1,Pong,2,0.8728876341013511,11636
sub_5,1,Pong,2,0.874590455779002,11659
sub_5,1,Pong,2,0.8804091527699318,11674
sub_5,1,Pong,3,0.8672291796107788,11757
sub_5,1,Pong,3,0.8723537123903199,11692
sub_5,1,Pong,3,0.8608189668786312,11646
sub_5,1,Pong,4,0.8610653060369845,11727
sub_5,1,Pong,4,0.8728634603129195,11666
sub_5,1,Pong,4,0.8656334952519035,11664
sub_5,2,SpaceInvaders,1,0.8947949844871504,5549
sub_5,2,SpaceInvaders,1,0.9084157106896804,6131
sub_5,2,SpaceInvaders,1,0.9071881459108672,4905
sub_5,2,SpaceInvaders,1,0.9080443002477108,4165
sub_5,2,SpaceInvaders,1,0.8920767446950807,5061
sub_5,2,SpaceInvaders,1,0.8841687183966354,4978
sub_5,2,SpaceInvaders,1,0.9044432927919764,4893
sub_5,2,SpaceInvaders,1,0.9088364429563709,4999
sub_5,2,SpaceInvaders,1,0.9203441295546558,760
sub_5,2,SpaceInvaders,2,0.9043973463705571,4877
sub_5,2,SpaceInvaders,2,0.9049382795844235,5731
sub_5,2,SpaceInvaders,2,0.9103440852849819,4905
sub_5,2,SpaceInvaders,2,0.8982949698868189,5143
sub_5,2,SpaceInvaders,2,0.9472784958871917,148
sub_5,2,SpaceInvaders,2,0.8693800080615557,4113
sub_5,2,SpaceInvaders,2,0.8983319741506562,5009
sub_5,2,SpaceInvaders,2,0.8921887303358157,4443
sub_5,2,SpaceInvaders,2,0.9014298403854614,4089
sub_5,2,SpaceInvaders,2,0.8994776013373459,1602
sub_5,2,SpaceInvaders,2,0.8902400297534915,4547
sub_5,2,SpaceInvaders,2,0.8863282994324516,4899
sub_5,2,SpaceInvaders,2,0.879444138636753,4965
sub_5,2,SpaceInvaders,2,0.8729277372077415,2476
sub_5,2,SpaceInvaders,3,0.8742603324034096,4863
sub_5,2,SpaceInvaders,3,0.8816961496581919,5013
sub_5,2,SpaceInvaders,3,0.8876442930968507,4607
sub_5,2,SpaceInvaders,3,0.913143105530871,5501
sub_5,2,SpaceInvaders,3,0.89379305196426,8435
sub_5,2,SpaceInvaders,3,0.8999778301213915,4535
sub_5,2,SpaceInvaders,3,0.894572671797586,3920
sub_5,2,SpaceInvaders,3,0.8905506162076592,8071
sub_5,2,SpaceInvaders,3,0.8770487307768124,4225
sub_5,2,SpaceInvaders,3,0.8997379828178725,4486
sub_5,2,SpaceInvaders,4,0.8982330416170895,4173
sub_5,2,SpaceInvaders,4,0.8935163510377258,4349
sub_5,2,SpaceInvaders,4,0.8844424867139165,8953
sub_5,2,SpaceInvaders,4,0.8960615034681191,3233
sub_5,2,SpaceInvaders,4,0.8866530046782107,3514
sub_5,2,SpaceInvaders,4,0.8831766419030421,6449
sub_5,2,SpaceInvaders,4,0.8967212294001016,4257
sub_5,2,SpaceInvaders,4,0.892098950612767,4152
sub_5,2,SpaceInvaders,4,0.871461800705267,4159
sub_5,2,SpaceInvaders,4,0.8726402237841147,4193
sub_5,2,SpaceInvaders,4,0.8876719412312318,4626
sub_5,2,SpaceInvaders,4,0.8967558222474639,4261
sub_5,2,SpaceInvaders,4,0.9138088398957965,378
sub_6,1,Pong,1,0.8475617033455904,11819
sub_6,1,Pong,1,0.8625960125583638,11777
sub_6,1,Pong,2,0.8460585787245685,11710
sub_6,1,Pong,2,0.8514864370418005,11681
sub_6,1,Pong,2,0.8253874592604057,11653
sub_6,1,Pong,3,0.8437713361693533,11662
sub_6,1,Pong,3,0.8289601484522309,11705
sub_6,1,Pong,3,0.847867081290067,11672
sub_6,1,Pong,4,0.7775775360555066,11674
sub_6,1,Pong,4,0.7882003728547249,11632
sub_6,1,Pong,4,0.8246095763708857,11631
sub_6,2,SpaceInvaders,1,0.8320709528087814,2727
sub_6,2,SpaceInvaders,1,0.8155500988154248,3205
sub_6,2,SpaceInvaders,1,0.8158729122990652,4200
sub_6,2,SpaceInvaders,1,0.8249371169638965,3965
sub_6,2,SpaceInvaders,1,0.830664437932799,2877
sub_6,2,SpaceInvaders,1,0.8875970047018011,3970
sub_6,2,SpaceInvaders,1,0.8010159998715937,4453
sub_6,2,SpaceInvaders,1,0.7257580636625482,2899
sub_6,2,SpaceInvaders,1,0.790482084728853,3621
sub_6,2,SpaceInvaders,1,0.8416982153231363,4283
sub_6,2,SpaceInvaders,1,0.8151243033330521,4289
sub_6,2,SpaceInvaders,2,0.7427701376709126,3713
sub_6,2,SpaceInvaders,2,0.7674972058957334,4289
sub_6,2,SpaceInvaders,2,0.8434430424807836,3895
sub_6,2,SpaceInvaders,2,0.9075638565252206,4143
sub_6,2,SpaceInvaders,2,0.8471416571444472,3528
sub_6,2,SpaceInvaders,2,0.8167102380514983,4175
sub_6,2,SpaceInvaders,2,0.7550231829658085,4284
sub_6,2,SpaceInvaders,2,0.7173741422654673,2841
sub_6,2,SpaceInvaders,2,0.7614444590077846,5739
sub_6,2,SpaceInvaders,2,0.7739024843407929,3585
sub_6,2,SpaceInvaders,2,0.7864811148237536,368
sub_6,2,SpaceInvaders,2,0.7514415272063889,4077
sub_6,2,SpaceInvaders,2,0.7262767807449553,2417
sub_6,2,SpaceInvaders,2,0.746727688540608,5911
sub_6,2,SpaceInvaders,2,0.8030213221145326,1773
sub_6,2,SpaceInvaders,2,0.7689606250581398,3692
sub_6,2,SpaceInvaders,2,0.8341028528971061,2241
sub_6,2,SpaceInvaders,2,0.8113026819923371,174
sub_6,2,SpaceInvaders,3,0.7636800606562472,3547
sub_6,2,SpaceInvaders,3,0.8366790101325613,4115
sub_6,2,SpaceInvaders,3,0.7686827351865296,6121
sub_6,2,SpaceInvaders,3,0.7607475430381391,3929
sub_6,2,SpaceInvaders,3,0.6888065899363209,2391
sub_6,2,SpaceInvaders,3,0.8573232323232324,99
sub_6,2,SpaceInvaders,3,0.6845128549069219,3989
sub_6,2,SpaceInvaders,3,0.6622901264765158,3717
sub_6,2,SpaceInvaders,3,0.7342657180537691,6709
sub_6,2,SpaceInvaders,3,0.7502501055660737,2025
sub_6,2,SpaceInvaders,3,0.7359531700669467,1989
sub_6,2,SpaceInvaders,3,0.6983642912157606,4045
sub_6,2,SpaceInvaders,3,0.7620356289937826,1561
sub_6,2,SpaceInvaders,3,0.6581601906031427,5054
sub_6,2,SpaceInvaders,3,0.6880110521717357,3965
sub_6,2,SpaceInvaders,3,0.7051664412016563,2813
sub_6,2,SpaceInvaders,3,0.6344830106431725,624
sub_6,2,SpaceInvaders,4,0.6434968138156149,3121
sub_6,2,SpaceInvaders,4,0.681474450881462,2599
sub_6,2,SpaceInvaders,4,0.6781515799917595,2352
sub_6,2,SpaceInvaders,4,0.7765288856875949,2381
sub_6,2,SpaceInvaders,4,0.7599444696642967,6357
sub_6,2,SpaceInvaders,4,0.7037272114317167,2381
sub_6,2,SpaceInvaders,4,0.9148792554715899,164
sub_6,2,SpaceInvaders,4,0.6910580647858833,2284
sub_6,2,SpaceInvaders,4,0.735154530827248,8167
sub_6,2,SpaceInvaders,4,0.6508623267759329,2220
sub_6,2,SpaceInvaders,4,0.75052842251738,2999
sub_6,2,SpaceInvaders,4,0.7077035867358445,3476
sub_6,2,SpaceInvaders,4,0.7052580679272473,431
sub_6,2,SpaceInvaders,4,0.6145417825258856,4773
sub_6,2,SpaceInvaders,4,0.719633511010305,3925
sub_6,2,SpaceInvaders,4,0.6618949768755072,2259
sub_6,2,SpaceInvaders,4,0.7533152003260101,4397
sub_6,2,SpaceInvaders,4,0.6428003026577204,2147
